,Date,Total,MR,PW,PW+,Lief,Lief+,Lief+Aufl.,LW,LW+,Sattelzug,Bus,andere,Station Count,Number of Measurments
0,01.01.2019,203861,2482,191182,62,6203,33,15,393,40,154,3165,132,32,1632
1,01.01.2020,204091,2464,189573,65,7834,42,22,537,104,98,3188,164,32,1584
2,01.01.2021,120411,1721,111778,26,4080,13,1,231,69,156,2312,24,32,1536
3,01.02.2019,430359,6465,374977,282,32252,383,273,7225,842,2819,4478,363,32,1608
4,01.02.2020,342801,5861,315812,336,13935,130,58,1455,283,664,4124,143,32,1584
5,01.02.2021,289054,5399,240289,183,28511,429,213,5923,843,3188,3883,193,32,1512
6,01.03.2019,442849,8927,383723,358,33251,516,197,7259,918,2855,4519,326,32,1584
7,01.03.2020,234440,4723,217790,142,7856,55,17,461,113,170,3058,55,32,1584
8,01.03.2021,306133,9766,252000,343,28363,451,197,6689,896,3354,3878,196,32,1512
9,01.04.2019,398267,15180,332785,313,31525,495,275,7675,1054,3467,5046,452,32,1584
10,01.04.2020,219446,7597,176006,204,22720,411,198,5851,667,2740,2905,147,32,1584
11,01.04.2021,327455,13288,271541,404,27385,471,203,6048,986,3203,3690,236,32,1512
12,01.05.2019,251952,10027,225814,224,9983,161,44,1229,435,493,3321,221,32,1536
13,01.05.2020,125272,3355,111636,100,6394,75,8,885,145,301,2332,41,32,1536
14,01.05.2021,210109,3143,194044,163,8855,61,7,809,129,281,2539,78,32,1536
15,01.06.2019,309982,12493,277028,456,13004,188,57,1650,395,727,3673,311,32,1536
16,01.06.2020,158661,8499,141197,70,5753,26,4,514,121,169,2195,113,32,1512
17,01.06.2021,363799,17841,297531,403,31339,551,218,7339,1088,3612,3581,296,32,1536
18,01.07.2019,383542,17948,315606,612,32209,532,268,7524,1056,3319,3978,490,32,1560
19,01.07.2020,342909,17554,281900,423,27873,532,196,6954,929,2939,3349,260,32,1512
20,01.07.2021,403463,15025,337089,488,33618,576,207,7552,889,3701,4045,273,32,1536
21,01.08.2019,260117,10429,234155,469,10319,176,37,878,213,232,2870,339,32,1560
22,01.08.2020,247918,9935,224488,389,9153,129,8,611,137,181,2708,179,32,1512
23,01.08.2021,223263,4434,205164,429,9168,134,21,564,102,207,2988,52,32,1536
24,01.09.2019,259872,8918,235814,290,10341,122,25,774,173,180,2958,277,32,1536
25,01.09.2020,354947,14463,295951,370,29619,467,213,6169,852,2770,3871,202,32,1560
26,01.09.2021,365401,17583,300216,502,30937,468,237,6959,951,3232,4012,304,32,1512
27,01.10.2019,374616,13362,313147,365,30089,511,246,7076,1148,3732,4522,418,32,1536
28,01.10.2020,351866,11219,295959,372,29028,445,218,6570,934,3142,3740,239,32,1536
29,01.10.2021,403933,16156,338715,477,32710,531,166,6855,984,2912,4027,400,32,1512
30,01.11.2019,406319,10876,349864,364,30518,446,198,6630,767,1937,4243,476,32,1584
31,01.11.2020,174211,3735,160822,69,6476,39,11,403,66,151,2395,44,32,1536
32,01.12.2019,268039,4055,249645,144,9651,56,42,643,121,179,3327,176,32,1584
33,01.12.2020,315741,4553,265562,242,29383,480,189,6889,962,3554,3619,308,32,1536
34,02.01.2019,323067,5930,291334,170,15792,134,107,3478,358,1086,4423,255,32,1632
35,02.01.2020,309766,5498,279619,180,14970,133,79,2746,362,1080,4726,373,32,1584
36,02.01.2021,187274,3279,171894,106,7593,59,7,804,117,350,2988,77,32,1536
37,02.02.2019,349203,4814,323555,314,13538,115,40,1500,275,717,4057,278,32,1608
38,02.02.2020,253498,3333,236700,111,9068,54,19,536,133,175,3280,89,32,1584
39,02.02.2021,295934,6587,246023,239,27903,435,205,6278,916,3244,3948,156,32,1512
40,02.03.2019,338707,6396,310900,478,13831,143,36,1581,301,780,4000,261,32,1584
41,02.03.2020,317190,6035,274483,315,22188,347,214,5125,712,3148,4434,189,32,1584
42,02.03.2021,310649,10971,254971,323,28274,442,230,6863,1017,3459,3852,247,32,1512
43,02.04.2019,403878,16094,336603,402,31726,498,231,8047,1241,3794,4836,406,32,1584
44,02.04.2020,219559,8086,175534,217,22886,379,199,5730,627,2832,2908,161,32,1584
45,02.04.2021,191150,7380,173234,147,6928,62,1,455,107,210,2547,79,32,1512
46,02.05.2019,396560,12586,334394,481,30706,571,293,7626,1168,3723,4566,446,32,1536
47,02.05.2020,162941,3887,146095,104,8330,75,9,1090,180,524,2571,76,32,1536
48,02.05.2021,195087,4523,179988,91,6808,51,5,597,78,261,2619,66,32,1536
49,02.06.2019,254061,10811,228711,444,9581,151,35,711,156,201,2996,264,32,1536
50,02.06.2020,292679,15659,235598,372,26826,528,157,6401,781,2706,3385,266,32,1512
51,02.06.2021,369522,16495,304319,375,31789,545,249,7437,1076,3409,3540,288,31,1536
52,02.07.2019,388254,19655,318394,402,32222,574,251,7741,1041,3475,4078,421,31,1560
53,02.07.2020,352582,14468,294666,388,28118,522,173,6790,897,2883,3430,247,31,1512
54,02.07.2021,397246,17350,330764,505,32062,537,232,7418,986,3242,3788,362,31,1536
55,02.08.2019,325600,12891,277435,637,21535,404,174,4840,800,2614,3868,402,31,1560
56,02.08.2020,213178,5200,195954,302,8091,119,23,538,86,171,2590,104,31,1512
57,02.08.2021,333169,12523,279147,492,26931,485,201,5728,877,2691,3914,180,31,1536
58,02.09.2019,367229,17274,304052,396,30243,495,246,6707,870,2302,4158,486,31,1536
59,02.09.2020,349800,17299,289491,390,28269,489,216,6004,943,2752,3701,246,31,1536
60,02.09.2021,371842,18028,305702,470,31138,521,214,7231,937,3328,3990,283,31,1512
61,02.10.2019,375379,10598,316568,369,30754,491,285,6820,1078,3461,4569,386,31,1536
62,02.10.2020,364368,11148,309760,417,29042,473,159,5996,791,2608,3770,204,31,1536
63,02.10.2021,326179,11399,292980,444,14809,182,32,1539,294,683,3532,285,31,1512
64,02.11.2019,354001,6244,325305,330,14869,140,76,1683,249,774,3933,398,31,1584
65,02.11.2020,314800,12541,258439,348,28485,548,183,6558,907,2981,3609,201,31,1536
66,02.12.2019,393033,10078,332227,284,32931,493,240,7321,951,3322,4710,476,31,1584
67,02.12.2020,316175,6509,265794,266,28359,434,195,6286,946,3512,3660,214,31,1536
68,03.01.2019,342130,6636,303935,210,19073,214,130,4722,619,1970,4351,270,31,1608
69,03.01.2020,339591,6325,303498,209,18334,193,111,3735,532,1701,4570,383,31,1584
70,03.01.2021,143736,2444,133003,55,5164,30,7,364,87,175,2347,60,31,1536
71,03.02.2019,248966,2394,234031,111,8211,48,23,518,45,160,3254,171,31,1608
72,03.02.2020,383832,8698,327805,253,31303,369,251,6540,737,3227,4414,235,31,1584
73,03.02.2021,299963,5743,250486,260,28178,403,212,6138,938,3502,3934,169,31,1512
74,03.03.2019,252225,5969,233504,177,8228,65,33,501,116,163,3326,143,31,1584
75,03.03.2020,352767,8140,301323,298,27347,398,237,6303,922,3346,4274,179,31,1584
76,03.03.2021,311171,10061,256447,343,28053,448,208,6553,990,3673,3934,461,31,1512
77,03.04.2019,410384,9636,348938,294,31813,512,231,7950,1296,4046,5064,604,31,1584
78,03.04.2020,228801,8361,184434,240,23301,342,170,5800,633,2472,2898,150,31,1584
79,03.04.2021,235103,6562,212168,290,10197,141,26,1273,252,737,3297,160,31,1512
80,03.05.2019,419594,11626,358986,395,30918,522,284,7137,1086,3317,4664,659,31,1536
81,03.05.2020,119705,5979,106540,52,4344,22,2,269,41,177,2212,67,31,1536
82,03.05.2021,337065,12908,277577,354,30127,493,202,7079,1012,3359,3710,244,31,1536
83,03.06.2019,387304,17519,320361,475,31641,617,217,7621,1061,3309,4057,426,31,1536
84,03.06.2020,291533,14510,234822,289,26884,441,197,6616,939,3097,3470,268,31,1512
85,03.06.2021,367401,15714,304349,405,30874,496,240,7000,1030,3467,3460,366,31,1536
86,03.07.2019,388506,20188,318038,448,32508,656,202,7559,1079,3408,4055,365,31,1560
87,03.07.2020,361718,15744,303174,425,28147,534,199,6585,704,2506,3464,236,31,1512
88,03.07.2021,323826,10056,292168,499,14794,184,26,1510,245,700,3492,152,31,1536
89,03.08.2019,276672,11305,245925,512,12367,213,65,1593,308,538,3528,318,31,1560
90,03.08.2020,339157,11027,286048,394,27526,460,186,5894,764,2665,3829,364,31,1512
91,03.08.2021,334569,10261,282332,393,27187,480,131,5913,803,2931,3979,159,31,1512
92,03.09.2019,375410,18655,309311,351,30208,547,204,7246,973,3315,4088,512,31,1536
93,03.09.2020,354209,18469,291995,417,28665,407,222,6258,896,2925,3688,267,31,1536
94,03.09.2021,386289,17541,321388,561,30832,515,203,7215,897,2891,3915,331,31,1512
95,03.10.2019,363798,12942,304328,298,29356,502,237,6742,1086,3557,4385,365,31,1536
96,03.10.2020,282294,5521,258264,268,12454,115,31,1218,200,869,3235,119,31,1536
97,03.10.2021,231155,5076,212832,209,9084,111,30,526,145,186,2876,80,31,1512
98,03.11.2019,273771,3870,254805,183,10262,99,24,735,149,228,3180,236,31,1584
99,03.11.2020,319130,9319,265678,286,28767,387,171,6571,881,3168,3662,240,30,1536
100,03.12.2019,396582,10056,336046,312,32688,490,246,7182,1000,3645,4530,387,30,1584
101,03.12.2020,323651,7847,272019,283,28213,476,198,6488,943,3363,3629,192,30,1536
102,04.01.2019,362796,6423,323351,232,20378,264,181,4824,582,1979,4310,272,30,1608
103,04.01.2020,300208,4415,277325,226,11701,88,26,1285,204,621,4003,314,30,1584
104,04.01.2021,256598,6014,220117,251,19963,286,138,3878,538,1762,3538,113,30,1536
105,04.02.2019,392402,7697,336816,253,31177,415,213,7091,923,3082,4337,398,30,1608
106,04.02.2020,385202,8051,329406,269,31480,404,191,6658,860,3282,4341,260,30,1584
107,04.02.2021,301030,8248,249608,266,27625,427,199,6241,849,3426,3936,205,30,1512
108,04.03.2019,370415,8498,315005,270,30176,420,263,7049,884,3117,4415,318,30,1584
109,04.03.2020,350033,9170,298117,285,26785,425,213,6329,843,3419,4244,203,30,1584
110,04.03.2021,311457,8652,258348,289,28550,548,208,6226,954,3582,3921,179,30,1512
111,04.04.2019,411146,7091,352179,331,32414,512,253,8110,1216,3684,5017,339,30,1584
112,04.04.2020,138723,6395,119796,142,7633,74,9,1072,200,519,2813,70,30,1584
113,04.04.2021,178783,5443,164270,100,5662,27,5,317,93,138,2626,102,30,1512
114,04.05.2019,344995,5463,315968,425,14868,192,61,1816,470,881,4552,299,30,1536
115,04.05.2020,247700,10907,199851,217,24336,417,179,5555,692,2724,2653,169,30,1512
116,04.05.2021,339685,11254,281002,345,30383,532,226,7368,970,3587,3799,219,30,1536
117,04.06.2019,401358,20224,330983,493,32048,532,194,7729,1072,3683,3999,401,30,1536
118,04.06.2020,300382,9261,248485,244,27791,391,162,6311,845,3109,3545,238,30,1512
119,04.06.2021,397335,15563,333396,437,32167,509,223,6929,970,3135,3683,323,30,1536
120,04.07.2019,392299,19675,322291,512,32378,613,224,7561,1041,3525,4078,401,30,1560
121,04.07.2020,284142,12242,253894,423,12192,204,31,1314,245,543,2883,171,30,1512
122,04.07.2021,241296,6102,222051,199,9093,116,11,552,89,175,2802,106,30,1536
123,04.08.2019,230396,9921,205982,431,9668,162,32,755,184,200,2767,294,30,1560
124,04.08.2020,341236,11178,289082,333,26591,410,185,5889,796,2581,3654,537,30,1512
125,04.08.2021,336801,10398,284422,412,27179,476,186,5983,721,2788,4018,218,30,1512
126,04.09.2019,379904,19250,313209,411,30268,476,254,7015,1047,3357,4085,532,30,1536
127,04.09.2020,365967,18417,304646,459,28123,502,221,6174,835,2500,3813,277,30,1536
128,04.09.2021,330591,12977,294748,573,15345,222,39,1774,300,646,3748,219,30,1512
129,04.10.2019,400852,9700,342912,375,31260,448,212,6855,922,3123,4679,366,30,1536
130,04.10.2020,225985,6427,208039,183,7855,81,15,494,107,153,2521,110,30,1536
131,04.10.2021,341536,8263,287752,302,29828,487,219,6503,882,3169,3890,241,30,1512
132,04.11.2019,394238,11352,333091,305,32279,532,201,7298,960,3299,4552,369,30,1584
133,04.11.2020,319717,9760,265333,292,29200,510,169,6386,1021,3151,3614,281,30,1536
134,04.12.2019,406168,9710,345676,359,33040,474,227,7049,1037,3628,4604,364,30,1584
135,04.12.2020,336414,6504,286207,256,28714,448,222,6276,954,2951,3653,229,30,1536
136,05.01.2019,304488,3364,283261,178,11219,103,40,1457,179,605,3862,220,30,1608
137,05.01.2020,238033,3493,221934,122,8311,70,14,463,91,164,3210,161,30,1584
138,05.01.2021,273062,6860,232518,238,21776,300,128,4532,606,2299,3664,141,30,1536
139,05.02.2019,400488,8475,343089,286,31448,473,191,7487,925,3285,4351,478,30,1608
140,05.02.2020,388015,9805,330932,214,30801,389,212,6697,955,3320,4334,356,30,1584
141,05.02.2021,309299,8216,258530,311,27684,444,195,6064,874,2914,3928,139,30,1512
142,05.03.2019,383553,10066,325687,301,30485,469,175,7400,898,3345,4337,390,30,1584
143,05.03.2020,362689,6538,311804,213,28605,420,204,6252,873,3264,4301,215,30,1584
144,05.03.2021,322160,7563,271338,288,28333,409,163,6109,786,3003,3965,203,30,1512
145,05.04.2019,440573,11607,376435,425,32756,544,280,8061,1188,3559,5331,387,30,1584
146,05.04.2020,103733,6107,90945,41,3638,20,6,268,26,179,2461,42,30,1584
147,05.04.2021,178475,4552,163272,137,6850,47,10,597,132,289,2494,95,30,1512
148,05.05.2019,267231,4891,247415,250,9551,109,29,667,334,284,3541,160,30,1536
149,05.05.2020,252723,7803,206726,251,24831,451,182,5919,698,2956,2759,147,30,1512
150,05.05.2021,345079,10330,288139,284,30050,551,193,6995,919,3620,3786,212,30,1536
151,05.06.2019,405731,19356,335376,465,32677,572,211,7730,1100,3878,3973,393,30,1536
152,05.06.2020,310562,10442,258023,282,27316,383,161,6634,798,2660,3575,288,30,1512
153,05.06.2021,317934,7762,289374,317,14359,151,23,1451,240,675,3465,117,30,1536
154,05.07.2019,400298,19408,331325,595,32079,641,212,7506,1087,3129,3904,412,30,1560
155,05.07.2020,214536,9276,194252,247,7690,116,8,466,129,130,2101,121,30,1512
156,05.07.2021,362082,12182,303210,380,30386,515,207,6922,885,3257,3939,199,30,1536
157,05.08.2019,352825,17542,289588,530,29505,457,243,6839,916,2881,3883,441,30,1560
158,05.08.2020,344384,16974,286141,367,26730,454,180,6085,841,2627,3616,369,30,1512
159,05.08.2021,343654,11206,289861,428,27672,470,173,5784,728,2967,4014,351,30,1512
160,05.09.2019,388832,15416,325947,391,30707,481,214,6827,931,3241,4214,463,30,1536
161,05.09.2020,301665,12225,270256,406,12827,184,30,1361,310,663,3206,197,30,1536
162,05.09.2021,264062,10546,238330,394,10497,144,25,702,201,178,2879,166,30,1512
163,05.10.2019,316193,6622,287631,392,14025,176,46,1467,327,789,4448,270,30,1536
164,05.10.2020,337124,9668,284053,412,28388,462,209,5963,880,3132,3731,226,30,1536
165,05.10.2021,347508,9621,291589,317,29728,541,223,6892,990,3509,3898,200,30,1512
166,05.11.2019,397813,11460,335396,303,33099,551,236,7289,958,3672,4442,407,30,1584
167,05.11.2020,325546,11186,269956,282,29090,500,199,6419,909,3185,3540,280,30,1536
168,05.12.2019,419265,9399,358314,337,33584,452,196,7285,1039,3487,4806,366,30,1584
169,05.12.2020,251502,4722,229499,309,11623,144,13,1221,210,651,2991,119,30,1536
170,06.01.2019,230360,2976,215917,88,7299,66,13,480,64,173,3151,133,30,1608
171,06.01.2020,358441,8431,308849,205,27032,287,225,5320,791,2517,4427,357,30,1584
172,06.01.2021,269052,4976,231171,173,21245,258,157,4212,566,2474,3643,177,30,1584
173,06.02.2019,407388,8440,349887,330,31865,483,237,7364,873,3295,4312,302,30,1608
174,06.02.2020,397247,9737,339307,282,31509,378,214,6669,915,3365,4469,402,30,1584
175,06.02.2021,217049,5436,195548,205,10284,130,16,1198,186,616,3356,74,30,1512
176,06.03.2019,388375,11359,328614,370,30893,455,210,7491,922,3485,4282,294,30,1584
177,06.03.2020,378519,7511,327184,319,28214,420,211,6209,874,2981,4388,208,30,1584
178,06.03.2021,257698,6386,233601,305,11595,152,28,1267,199,684,3392,89,30,1512
179,06.04.2019,357683,9120,325057,537,14530,207,81,1588,531,881,4837,314,30,1584
180,06.04.2020,222005,9238,176300,235,23339,364,209,5766,623,2899,2908,124,30,1584
181,06.04.2021,301792,6702,251049,336,28305,465,243,6490,942,3257,3807,196,30,1512
182,06.05.2019,388868,13601,325478,446,31165,558,251,7562,1155,3687,4596,369,30,1536
183,06.05.2020,254255,10817,205146,266,24917,477,196,5902,736,2929,2701,168,30,1512
184,06.05.2021,342555,8828,286780,388,30337,490,206,6936,915,3547,3881,247,30,1536
185,06.06.2019,414215,13395,349154,473,32821,515,232,8052,1148,3879,4152,394,30,1536
186,06.06.2020,222853,6054,201205,196,10240,126,18,1140,221,616,2917,120,30,1512
187,06.06.2021,236808,6808,217174,184,8818,109,8,550,152,227,2678,100,30,1536
188,06.07.2019,313951,10188,281729,536,14488,218,56,1730,314,772,3617,303,30,1560
189,06.07.2020,334542,15045,278108,366,26882,469,198,6188,821,2642,3587,236,30,1512
190,06.07.2021,361118,10238,303239,455,30931,514,178,7000,831,3518,4021,193,30,1536
191,06.08.2019,364234,14126,305130,517,29300,491,188,6404,900,2787,3902,489,30,1560
192,06.08.2020,350485,17918,290875,389,27084,488,168,5993,866,2579,3593,532,30,1512
193,06.08.2021,356295,13086,301275,621,27057,434,162,5945,743,2570,3915,487,30,1512
194,06.09.2019,405902,15618,342073,458,31499,541,233,6969,878,2899,4364,370,30,1536
195,06.09.2020,234331,8336,213660,328,8399,91,14,496,95,186,2624,102,30,1536
196,06.09.2021,349796,16794,285822,402,30354,539,255,7330,983,3151,3890,276,30,1512
197,06.10.2019,238856,3446,221280,241,9051,120,34,557,180,185,3613,149,30,1536
198,06.10.2020,344361,10050,290411,325,28627,470,209,6325,887,3191,3670,196,30,1536
199,06.10.2021,343702,10375,287930,340,29444,479,246,6639,956,3301,3800,192,30,1512
200,06.11.2019,405195,12071,341477,305,33571,516,213,7485,1015,3722,4455,365,30,1584
201,06.11.2020,339745,11446,284404,350,29045,513,183,6341,860,2778,3590,235,30,1536
202,06.12.2019,436066,8852,376243,355,33365,470,189,7138,985,3214,4789,466,30,1584
203,06.12.2020,163113,2744,151271,79,6007,24,2,379,81,135,2358,33,30,1536
204,07.01.2019,367038,8718,316991,229,27061,327,210,5482,687,2667,4367,299,30,1608
205,07.01.2020,371466,9107,319980,222,27328,362,232,5605,885,2890,4529,326,30,1584
206,07.01.2021,286963,5826,245502,227,22852,282,165,4635,682,2574,4050,168,30,1584
207,07.02.2019,408846,7424,352361,254,31624,439,212,7533,937,3305,4380,377,30,1608
208,07.02.2020,418530,9516,361617,288,31382,401,248,6502,826,2880,4473,397,30,1584
209,07.02.2021,154947,2375,143568,51,5581,33,8,379,65,207,2652,28,30,1512
210,07.03.2019,402649,9408,344169,331,31581,503,201,7484,953,3362,4345,312,30,1584
211,07.03.2020,300276,6162,275223,293,12175,140,40,1259,248,659,3975,102,30,1584
212,07.03.2021,180033,4446,165666,125,6287,68,8,415,89,219,2671,39,30,1512
213,07.04.2019,272540,6132,251112,232,9494,61,33,630,275,269,4106,196,30,1584
214,07.04.2020,227443,10135,179201,187,23924,417,228,6282,792,3191,2905,181,30,1584
215,07.04.2021,300922,6171,250347,297,28182,499,183,6758,937,3604,3763,181,30,1512
216,07.05.2019,396902,15709,330848,401,31018,518,252,7844,1300,4011,4612,389,30,1536
217,07.05.2020,256880,12085,206616,251,24924,433,167,5962,743,2862,2677,160,30,1512
218,07.05.2021,362577,10513,305712,400,30087,485,188,6864,897,3232,3915,284,30,1536
219,07.06.2019,426492,16602,357709,580,33717,608,246,7938,1060,3370,4236,426,30,1536
220,07.06.2020,160608,5331,146969,74,5460,17,3,348,77,179,2091,59,30,1512
221,07.06.2021,362532,11593,302235,351,31974,492,205,7045,920,3622,3889,206,30,1536
222,07.07.2019,243598,8390,221210,374,9415,150,24,670,142,203,2838,182,30,1560
223,07.07.2020,340457,17763,279961,364,27572,511,197,6486,805,2960,3591,247,30,1512
224,07.07.2021,373558,13194,312390,422,30721,520,216,7390,1005,3579,3878,243,30,1536
225,07.08.2019,374241,10470,317700,440,29797,426,188,6703,836,3063,4031,587,30,1560
226,07.08.2020,358836,17561,300727,410,26652,463,178,5849,747,2245,3672,332,30,1512
227,07.08.2021,295575,5844,269463,564,13680,216,31,1257,209,545,3592,174,30,1512
228,07.09.2019,330163,10766,297471,390,14357,216,70,1702,273,799,3827,292,30,1536
229,07.09.2020,345005,16904,285136,340,27993,474,237,6176,829,2868,3775,273,30,1536
230,07.09.2021,356514,18052,290150,440,31065,487,247,7392,984,3477,3989,231,29,1512
231,07.10.2019,366321,11923,307344,349,29629,497,229,6777,955,3466,4728,424,29,1536
232,07.10.2020,344232,10516,290195,325,28623,474,190,6147,853,3044,3684,181,29,1536
233,07.10.2021,299994,9551,250090,332,26242,477,180,5806,795,2905,3476,140,29,1224
234,07.11.2019,408813,12468,345101,319,32810,488,263,7607,1083,3704,4598,372,29,1584
235,07.11.2020,261057,8071,236014,283,11500,149,15,1080,224,587,2991,143,29,1536
236,07.12.2019,351546,5740,323174,342,14491,144,62,1634,323,788,4352,496,29,1584
237,07.12.2020,306892,7296,256758,268,27665,425,170,6404,852,3206,3663,185,29,1536
238,08.01.2019,381335,9139,329973,201,27144,325,182,5979,761,2943,4388,300,29,1608
239,08.01.2020,374543,9056,322242,241,27889,306,231,5777,888,3097,4450,366,29,1584
240,08.01.2021,304809,6882,261541,256,23591,370,151,4591,692,2384,4128,223,29,1584
241,08.02.2019,430103,8849,372878,292,31609,431,240,7257,770,2951,4374,452,29,1608
242,08.02.2020,337007,6078,310844,282,13065,113,43,1218,243,709,4262,150,29,1584
243,08.02.2021,281322,4964,234001,209,27509,345,206,6154,848,2989,3958,139,29,1512
244,08.03.2019,418897,10639,359151,450,31666,536,254,7425,931,3074,4454,317,29,1584
245,08.03.2020,232642,5439,215582,156,7514,72,17,426,103,184,3088,61,29,1584
246,08.03.2021,306211,9516,252883,331,28264,479,204,6361,899,3220,3888,166,29,1512
247,08.04.2019,399942,13123,336275,409,31524,532,237,7436,1242,3714,5087,363,29,1584
248,08.04.2020,234422,10538,185638,242,24189,393,183,6184,730,3264,2909,152,29,1584
249,08.04.2021,311875,8804,258955,332,27829,501,184,6719,954,3717,3687,193,29,1512
250,08.05.2019,401470,9850,343255,378,31283,486,246,7377,1154,2338,4692,411,29,1536
251,08.05.2020,260684,13008,211253,267,24751,431,193,5876,602,1427,2687,189,29,1512
252,08.05.2021,296197,11651,264502,289,13612,149,32,1614,360,580,3239,169,29,1536
253,08.06.2019,337244,12199,302003,482,15067,181,49,2036,339,833,3752,303,29,1536
254,08.06.2020,295405,12876,241218,243,26992,483,160,6104,876,2818,3464,171,29,1512
255,08.06.2021,378791,12921,315873,372,32427,517,198,7537,1017,3865,3798,266,29,1536
256,08.07.2019,363437,16694,299036,502,30836,569,236,7190,917,3286,3817,354,29,1560
257,08.07.2020,342524,18048,281571,393,27695,495,191,6411,814,3141,3534,231,29,1512
258,08.07.2021,375095,10867,316708,447,30841,512,186,7074,945,3330,3968,217,29,1536
259,08.08.2019,380914,17653,316834,546,30143,483,189,6849,926,2976,3843,472,29,1560
260,08.08.2020,286826,12475,256158,421,12264,172,25,1172,297,503,3134,205,29,1512
261,08.08.2021,240695,8689,218409,391,9136,147,13,521,116,195,2970,108,29,1512
262,08.09.2019,252432,4174,233518,323,9993,139,33,639,101,192,3168,152,29,1536
263,08.09.2020,349398,17935,286983,317,29084,493,223,6409,893,3088,3712,261,29,1536
264,08.09.2021,359727,18210,293574,396,30838,490,241,7373,1006,3473,3864,262,29,1512
265,08.10.2019,373798,13115,312459,356,30276,500,210,7063,1071,3753,4617,378,29,1536
266,08.10.2020,351174,13491,294164,310,28733,427,199,6153,830,2915,3707,245,29,1536
267,08.11.2019,427333,11011,364855,386,33208,532,261,7550,1016,3366,4570,578,29,1584
268,08.11.2020,175388,5603,160421,59,6328,40,2,392,90,148,2215,90,29,1536
269,08.12.2019,271617,4443,252830,152,9625,57,30,538,93,176,3500,173,29,1584
270,08.12.2020,322136,8051,270465,269,28323,428,196,6405,883,3316,3576,224,29,1536
271,09.01.2019,380833,7528,329205,226,28247,346,217,6343,814,3229,4362,316,29,1608
272,09.01.2020,384371,10043,330403,239,28419,411,206,5745,845,3265,4406,389,29,1584
273,09.01.2021,227108,4126,207136,211,10060,105,14,1023,210,571,3469,183,29,1584
274,09.02.2019,351730,6569,323877,287,13684,168,38,1516,291,780,4278,242,29,1608
275,09.02.2020,257036,4847,239719,97,8294,33,13,456,73,161,3276,67,29,1584
276,09.02.2021,289860,3682,242236,221,28221,359,186,6650,800,3380,3942,183,29,1512
277,09.03.2019,328828,5696,301956,376,13581,178,59,1547,259,782,4136,258,29,1584
278,09.03.2020,359329,9772,304120,285,29689,436,212,6275,807,3144,4350,239,29,1584
279,09.03.2021,309350,9560,254243,319,28916,454,170,6988,1020,3672,3826,182,29,1512
280,09.04.2019,406209,14229,340651,399,31926,516,217,7677,1264,4049,4886,395,29,1584
281,09.04.2020,235620,10747,188499,281,23104,346,175,5979,679,2710,2924,176,29,1584
282,09.04.2021,323193,10129,269743,365,27398,476,199,6808,971,3243,3648,213,29,1512
283,09.05.2019,401804,11872,339253,387,31417,548,240,7859,1258,3745,4669,556,29,1536
284,09.05.2020,174109,9034,151299,181,8829,68,15,1221,216,642,2473,131,29,1512
285,09.05.2021,239522,10780,216907,121,7868,83,14,701,225,267,2427,129,29,1536
286,09.06.2019,248700,5357,229433,238,9536,117,15,530,95,136,3076,167,29,1536
287,09.06.2020,298351,10199,246200,218,27040,407,229,6549,798,2957,3522,232,29,1512
288,09.06.2021,380430,14606,316186,343,32472,509,217,7408,1000,3725,3715,249,29,1536
289,09.07.2019,366572,17960,301044,470,30388,611,231,7226,967,3460,3853,362,29,1560
290,09.07.2020,339311,17895,279021,422,27510,491,169,6128,877,2971,3534,293,29,1512
291,09.07.2021,388276,15233,325054,507,31275,627,199,7115,827,3269,3933,237,29,1536
292,09.08.2019,393188,18110,328766,604,30322,514,185,6787,889,2575,3923,513,29,1560
293,09.08.2020,222663,10293,200920,274,7627,114,8,442,115,144,2565,161,29,1512
294,09.08.2021,340697,15310,283136,448,27433,507,179,5946,740,2813,3992,193,29,1512
295,09.09.2019,373767,15467,311088,453,30712,476,238,6588,928,3192,4212,413,29,1536
296,09.09.2020,350434,18725,287361,360,28836,521,237,6432,907,3109,3640,306,29,1536
297,09.09.2021,372539,17540,306800,474,30885,450,232,7339,1023,3483,4039,274,29,1512
298,09.10.2019,376567,9595,318715,328,30708,518,230,6934,1123,3551,4554,311,29,1536
299,09.10.2020,365559,13666,308364,419,28783,537,174,6090,792,2753,3792,189,29,1536
300,09.11.2019,354305,7350,323662,299,15624,185,59,1748,265,851,3993,269,29,1584
301,09.11.2020,311801,12293,256028,339,28389,536,179,6214,932,3127,3565,199,29,1536
302,09.12.2019,393627,8840,335543,346,31766,453,224,7043,954,3339,4678,441,29,1584
303,09.12.2020,318079,6311,267714,252,28613,489,200,6336,965,3303,3635,261,29,1536
304,10.01.2019,391347,6768,340228,215,28865,369,179,6077,864,3074,4404,304,30,1608
305,10.01.2020,404649,9660,351370,300,28077,387,169,5857,891,3001,4572,365,30,1584
306,10.01.2021,161053,2472,149414,94,5714,50,9,355,45,154,2712,34,30,1584
307,10.02.2019,252027,2945,236321,132,8361,49,33,581,55,148,3217,185,30,1608
308,10.02.2020,369268,6033,316920,227,30424,338,188,6122,761,3025,5011,219,30,1584
309,10.02.2021,275394,1125,231313,161,27544,334,218,6640,798,3214,3845,202,30,1512
310,10.03.2019,245737,3076,229725,198,8405,104,18,615,72,180,3215,129,30,1584
311,10.03.2020,364585,8424,309381,283,30337,407,207,6780,880,3395,4275,216,30,1584
312,10.03.2021,314789,10025,260142,277,28366,473,218,6701,935,3597,3865,190,30,1512
313,10.04.2019,400893,11453,339859,378,31283,529,251,7319,1247,3828,4388,358,30,1536
314,10.04.2020,111188,6741,96296,43,4351,99,10,536,163,492,2373,84,30,1584
315,10.04.2021,255151,8797,228386,313,11683,148,23,1410,305,783,3164,139,30,1512
316,10.05.2019,419272,12883,355738,451,31859,515,238,7637,1211,3553,4701,486,30,1536
317,10.05.2020,137306,7184,122418,60,4768,12,4,318,50,162,2247,83,30,1512
318,10.05.2021,330194,9694,274864,353,29476,481,226,6718,1020,3285,3782,295,30,1536
319,10.06.2019,263316,3966,242724,342,11736,136,40,794,115,263,3004,196,30,1536
320,10.06.2020,305311,12230,251352,244,26895,430,203,6475,812,2994,3462,214,30,1512
321,10.06.2021,382204,16761,315733,369,32472,579,205,7252,1023,3816,3744,250,30,1536
322,10.07.2019,367848,18417,301606,489,30524,548,204,7250,1042,3556,3846,366,30,1560
323,10.07.2020,353338,16669,294203,449,28040,498,211,6126,774,2576,3502,290,30,1512
324,10.07.2021,318360,10683,284803,777,15102,322,39,1572,318,1038,3542,164,30,1536
325,10.08.2019,324536,10437,292170,507,14571,205,60,1735,339,541,3562,409,30,1560
326,10.08.2020,335353,18427,275965,404,26664,481,198,5864,864,2539,3635,312,30,1512
327,10.08.2021,345724,17490,284703,464,27962,520,212,6421,837,3022,3866,227,30,1512
328,10.09.2019,377397,17650,312296,398,30316,496,236,7146,963,3412,4088,396,30,1536
329,10.09.2020,360193,19012,296915,416,28630,546,228,6375,907,3169,3728,267,30,1536
330,10.09.2021,392376,14148,329853,503,31685,535,264,7107,937,2995,4095,254,30,1512
331,10.10.2019,384005,12126,324300,402,30862,525,206,6692,1023,3358,4185,326,30,1536
332,10.10.2020,293007,5977,268313,320,12662,182,30,1247,226,600,3259,191,30,1536
333,10.11.2019,276418,4891,256540,149,10367,75,25,695,93,237,3181,165,30,1584
334,10.11.2020,320846,12178,264250,327,28914,467,180,6550,893,3240,3634,213,30,1536
335,10.12.2019,406308,10271,345854,284,32288,461,223,7393,1032,3596,4494,412,30,1584
336,10.12.2020,324630,7511,273070,278,28494,445,201,6499,1007,3299,3607,219,30,1536
337,11.01.2019,411585,7158,359629,223,29407,368,183,6181,774,2803,4477,382,30,1608
338,11.01.2020,325936,5970,299938,313,13026,126,32,1470,243,732,3937,149,30,1584
339,11.01.2021,301056,6304,252919,277,27243,398,182,5723,796,2963,4050,201,30,1584
340,11.02.2019,392450,7921,336728,315,30965,367,217,7126,847,3230,4397,337,30,1608
341,11.02.2020,391279,7552,335988,237,30794,375,233,6437,909,3568,4924,262,30,1584
342,11.02.2021,289080,1442,244366,215,28148,355,202,6306,699,3241,3954,152,30,1512
343,11.03.2019,317637,5770,276804,280,20547,360,154,4837,816,3117,4730,222,30,1584
344,11.03.2020,363702,12491,305932,300,29579,431,181,6290,914,3240,4106,238,30,1584
345,11.03.2021,316040,7641,263756,296,28576,485,221,6590,910,3542,3884,139,30,1512
346,11.04.2019,406540,12113,344666,404,31001,505,236,7601,1256,3933,4446,379,30,1536
347,11.04.2020,149231,7981,128478,139,7627,89,24,1203,161,625,2800,104,30,1584
348,11.04.2021,183097,4983,167906,86,6553,38,7,571,128,307,2459,59,30,1512
349,11.05.2019,338962,7187,308762,374,14538,189,74,1694,506,870,4466,302,30,1536
350,11.05.2020,266460,7066,219611,206,25894,443,214,5501,724,2940,3596,265,30,1512
351,11.05.2021,341710,8391,286545,285,30009,494,206,6964,969,3800,3796,251,30,1536
352,11.06.2019,409079,12682,344249,505,34389,583,214,7463,934,3493,4146,421,30,1536
353,11.06.2020,307036,13419,252782,246,26570,373,193,5966,850,3167,3213,257,30,1512
354,11.06.2021,391525,17852,325160,421,32022,473,196,7113,999,3241,3801,247,30,1536
355,11.07.2019,377555,16427,312527,538,31419,565,229,7209,953,3384,3945,359,30,1560
356,11.07.2020,281705,11138,252132,465,12377,159,26,1316,240,638,3046,168,30,1512
357,11.07.2021,241336,8779,218632,495,9319,233,18,636,128,219,2802,75,30,1536
358,11.08.2019,250860,8730,227998,363,9368,130,20,643,180,204,2848,376,30,1560
359,11.08.2020,342344,19069,281594,377,27145,426,211,6185,796,2605,3611,325,30,1512
360,11.08.2021,349727,17935,288014,512,28005,457,199,6622,907,2892,3906,278,30,1512
361,11.09.2019,381045,17840,315567,368,30694,500,252,7091,1006,3303,4006,418,30,1536
362,11.09.2020,375059,17971,312516,475,29558,466,205,6326,914,2595,3747,286,30,1536
363,11.09.2021,328288,10866,295392,382,14936,198,42,1549,312,649,3691,271,30,1512
364,11.10.2019,401220,14393,339137,442,31054,554,241,6835,939,3019,4186,420,30,1536
365,11.10.2020,222221,4772,205806,160,8004,77,14,595,110,147,2480,56,30,1536
366,11.11.2019,395724,11360,334691,407,32385,613,236,7432,998,2682,4547,373,30,1584
367,11.11.2020,320024,11597,266254,277,28660,529,226,6203,702,1726,3634,216,30,1536
368,11.12.2019,405925,8806,345773,306,32552,472,221,7632,1066,3959,4611,527,30,1584
369,11.12.2020,338939,6902,288341,271,28977,468,191,6083,852,2990,3651,213,30,1536
370,12.01.2019,321868,4039,298314,258,12573,82,50,1485,212,689,3936,230,30,1608
371,12.01.2020,244048,3695,227704,141,8443,78,18,480,80,168,3187,54,30,1584
372,12.01.2021,305042,5728,256420,219,27478,346,234,6082,869,3449,3970,247,30,1584
373,12.02.2019,397422,9117,339738,350,31201,417,193,7413,937,3414,4307,335,30,1608
374,12.02.2020,398494,9635,340269,249,31288,396,221,6805,991,3528,4833,279,30,1584
375,12.02.2021,306589,2249,261825,219,27865,339,170,6188,709,2877,3967,181,30,1512
376,12.03.2019,364385,8807,310724,293,27791,400,227,6591,1029,3722,4569,232,30,1584
377,12.03.2020,372529,12961,312882,316,30276,440,201,6719,917,3302,4279,236,30,1584
378,12.03.2021,330662,8998,277655,359,28441,512,198,6422,794,3162,3943,178,30,1512
379,12.04.2019,426613,13443,362765,496,31984,524,277,7165,1283,3521,4741,414,30,1536
380,12.04.2020,105655,5864,93421,28,3440,20,2,203,48,116,2449,64,30,1584
381,12.04.2021,312577,7660,259876,273,28813,504,200,6894,1025,3417,3708,207,30,1512
382,12.05.2019,281472,6819,258938,191,10065,114,43,799,300,298,3685,220,30,1536
383,12.05.2020,276311,10241,225191,241,26240,406,180,6042,851,3100,3563,256,30,1512
384,12.05.2021,360603,12035,302266,436,29801,570,237,6958,951,3365,3750,234,30,1536
385,12.06.2019,413351,15498,345585,428,33549,596,233,7622,1137,3952,4324,427,30,1536
386,12.06.2020,316337,16028,258790,274,27241,401,170,6236,798,2726,3370,303,30,1512
387,12.06.2021,315518,12755,282651,320,13641,159,36,1433,373,739,3227,184,30,1536
388,12.07.2019,394147,17485,327989,657,31596,699,228,7129,1060,3030,3913,361,30,1560
389,12.07.2020,213366,9475,193225,252,7192,123,6,418,111,123,2279,162,30,1512
390,12.07.2021,357161,13082,298216,493,29230,555,200,7119,860,3222,3988,196,30,1536
391,12.08.2019,372357,14590,311230,519,30301,463,230,6600,873,2971,4144,436,30,1560
392,12.08.2020,345618,18377,284879,422,27646,428,198,6182,778,2643,3802,263,30,1512
393,12.08.2021,358031,18610,295166,525,28514,604,166,6508,905,2909,3848,276,30,1512
394,12.09.2019,388312,18124,321399,368,31524,536,223,7178,1115,3266,4147,432,30,1536
395,12.09.2020,306181,12851,273362,429,13501,198,33,1413,273,653,3256,212,30,1536
396,12.09.2021,256655,9460,232441,286,10243,137,15,613,118,200,3015,127,30,1512
397,12.10.2019,329358,10213,297394,420,14488,215,65,1559,312,790,3584,318,30,1536
398,12.10.2020,346717,11599,290792,355,29568,517,236,5945,852,2867,3719,267,30,1536
399,12.11.2019,391903,11885,329006,367,32293,618,210,7781,1202,3745,4416,380,30,1584
400,12.11.2020,326966,12471,270605,346,28591,433,192,6322,917,3233,3686,170,30,1536
401,12.12.2019,415619,9586,354811,347,32906,476,243,7409,1103,3591,4724,423,30,1584
402,12.12.2020,246429,4396,224617,249,11791,100,36,1243,192,574,3148,83,30,1536
403,13.01.2019,235067,2568,220739,108,7568,53,21,465,65,147,3184,149,30,1608
404,13.01.2020,370939,9475,315181,275,30173,426,238,6331,929,3111,4519,281,30,1584
405,13.01.2021,307240,6343,258761,250,27118,325,178,5786,856,3407,4046,170,30,1584
406,13.02.2019,404396,9654,345509,323,31508,409,220,7650,1029,3418,4255,421,30,1608
407,13.02.2020,409511,8794,351294,286,31714,398,246,7054,899,3563,5019,244,30,1584
408,13.02.2021,213384,1541,195656,200,10396,92,8,1271,174,614,3364,68,30,1512
409,13.03.2019,357580,6631,308164,281,26243,399,197,6006,995,3813,4592,259,30,1584
410,13.03.2020,384516,12547,326147,366,29827,414,229,6735,845,2854,4286,266,30,1584
411,13.03.2021,247423,4321,225868,277,11178,134,22,1166,196,754,3419,88,30,1512
412,13.04.2019,345195,7701,314171,500,14544,203,63,1714,565,983,4494,257,30,1536
413,13.04.2020,108755,6254,94509,53,4354,78,13,514,106,344,2441,89,30,1584
414,13.04.2021,319822,9327,263542,332,29590,489,241,7613,1058,3679,3693,258,30,1512
415,13.05.2019,391426,15409,325858,387,31654,575,238,7708,1195,3694,4260,448,30,1536
416,13.05.2020,277837,7535,229539,200,26037,454,238,6047,723,3147,3665,252,30,1512
417,13.05.2021,214231,6420,194898,164,8073,74,11,608,273,1243,2399,68,30,1536
418,13.06.2019,414050,19235,342580,482,33888,572,236,7537,1063,3863,4228,366,30,1536
419,13.06.2020,227067,7801,203276,213,10683,97,22,1238,192,602,2826,117,30,1512
420,13.06.2021,245859,11030,221759,177,9041,96,15,534,200,244,2629,134,30,1536
421,13.07.2019,319363,14531,282473,653,14499,262,58,1737,350,747,3762,291,30,1560
422,13.07.2020,323009,16783,265187,422,26641,470,175,5968,844,2688,3575,256,30,1512
423,13.07.2021,358947,7825,303203,355,30650,494,190,7082,957,3975,4016,200,30,1536
424,13.08.2019,376355,18290,310828,487,30465,520,239,6996,974,3084,3977,495,30,1560
425,13.08.2020,355764,17599,295643,387,28022,392,193,6136,746,2535,3710,401,30,1512
426,13.08.2021,375294,18024,313252,609,28772,552,231,6245,843,2563,3940,263,30,1512
427,13.09.2019,408094,18158,340626,476,31873,582,239,7468,1021,3069,4192,390,30,1536
428,13.09.2020,246632,10630,223133,333,8735,111,19,574,141,215,2592,149,30,1536
429,13.09.2021,357659,17115,292730,459,31149,503,234,7020,903,3240,4094,212,30,1512
430,13.10.2019,267283,9200,243985,279,9489,113,24,589,115,195,3057,237,30,1536
431,13.10.2020,353243,13711,294767,322,29446,460,189,6395,823,3119,3627,384,30,1536
432,13.11.2019,395482,11330,332527,328,32588,573,229,7902,1178,3939,4572,316,30,1584
433,13.11.2020,343502,12566,286475,310,29062,506,165,6728,881,2959,3663,187,30,1536
434,13.12.2019,436113,7799,377391,315,33451,468,204,6991,993,3177,4939,385,30,1584
435,13.12.2020,157011,3504,144839,72,5548,36,8,414,55,172,2332,31,30,1536
436,14.01.2019,382534,8535,327765,225,29885,336,235,6941,796,3082,4376,358,30,1608
437,14.01.2020,384987,10485,328532,230,29877,418,204,6092,955,3297,4669,228,30,1584
438,14.01.2021,299901,3048,253696,195,28267,341,200,5920,790,3107,4175,162,30,1584
439,14.02.2019,413203,10231,354927,361,31168,427,222,7099,894,3170,4356,348,30,1608
440,14.02.2020,429669,9486,370835,335,32004,418,265,6853,869,3233,5102,269,30,1584
441,14.02.2021,156079,1194,145831,64,5587,25,7,452,45,166,2675,33,30,1512
442,14.03.2019,391970,7035,336790,429,30460,489,267,7151,972,3634,4429,314,30,1584
443,14.03.2020,270766,7687,244567,402,11929,127,24,1351,275,675,3625,104,30,1584
444,14.03.2021,170123,2444,157959,115,6131,47,7,409,33,244,2702,32,30,1512
445,14.04.2019,251484,3797,233451,207,8974,97,31,582,309,308,3549,179,30,1536
446,14.04.2020,225752,8724,180177,255,23400,339,189,5957,646,2995,2912,158,30,1584
447,14.04.2021,322034,9868,266261,350,29166,472,198,7079,962,3748,3707,223,30,1512
448,14.05.2019,400600,16712,333204,414,31762,518,245,7721,1271,3940,4402,411,30,1536
449,14.05.2020,283150,8943,232810,233,26951,386,192,5958,757,3074,3597,249,30,1512
450,14.05.2021,330582,9449,289951,380,19093,334,177,3967,778,2457,3808,188,30,1536
451,14.06.2019,426077,17415,357567,521,33351,642,228,7301,1009,3421,4196,426,30,1536
452,14.06.2020,170490,5898,155594,113,6068,59,7,363,84,133,2100,71,30,1512
453,14.06.2021,363199,18795,296230,410,31473,514,245,7010,984,3320,3957,261,30,1536
454,14.07.2019,244227,10111,219504,483,9675,149,35,699,171,230,2976,194,30,1560
455,14.07.2020,326641,17438,270104,322,26459,397,176,6073,673,1220,3494,285,30,1512
456,14.07.2021,357758,10658,301881,450,30397,480,221,6818,637,2047,3964,205,30,1536
457,14.08.2019,382942,19417,317088,501,31182,534,206,6922,741,1828,3992,531,30,1560
458,14.08.2020,371266,14057,314988,447,27996,450,194,6163,760,2197,3767,247,30,1512
459,14.08.2021,316719,13242,282388,615,14192,196,48,1505,309,479,3532,213,30,1512
460,14.09.2019,340439,12369,305695,480,14872,230,61,1681,297,754,3679,321,30,1536
461,14.09.2020,341092,18352,279608,381,28179,456,230,6215,903,2813,3703,252,30,1536
462,14.09.2021,362831,16605,297602,393,31734,419,219,7175,989,3417,4032,246,30,1512
463,14.10.2019,383281,17266,317512,469,30989,570,257,7348,1004,3251,4192,423,30,1536
464,14.10.2020,358845,13553,300678,350,29768,491,204,6080,870,2964,3557,330,30,1536
465,14.11.2019,406788,11176,343628,400,33379,608,233,7590,1078,3812,4468,416,30,1584
466,14.11.2020,267282,9263,240413,323,11802,134,18,1275,207,673,3025,149,30,1536
467,14.12.2019,359797,5678,331146,288,15044,153,73,1620,356,753,4416,270,30,1584
468,14.12.2020,317886,8555,267280,233,27172,448,185,6250,890,3097,3565,211,30,1536
469,15.01.2019,394763,9707,337683,214,30468,346,212,7094,909,3561,4225,344,30,1608
470,15.01.2020,390701,10577,333014,272,30681,337,218,6284,934,3396,4777,211,30,1584
471,15.01.2021,295769,1248,253204,177,27668,265,202,5316,645,2625,4223,196,30,1584
472,15.02.2019,428312,10555,369753,333,31427,451,225,7012,887,2903,4262,504,30,1608
473,15.02.2020,348325,7276,319192,285,14039,140,53,1436,283,749,4712,160,30,1584
474,15.02.2021,271725,3402,226982,212,26409,364,169,6277,781,3000,3999,130,30,1512
475,15.03.2019,416350,7602,359804,369,31332,505,248,7462,924,3333,4433,338,30,1584
476,15.03.2020,194542,7485,176477,137,6754,40,9,426,93,166,2890,65,30,1584
477,15.03.2021,303808,6861,252889,259,28097,434,193,6638,815,3564,3888,170,30,1512
478,15.04.2019,380704,11980,321296,419,29252,495,244,7378,1151,3592,4524,373,30,1536
479,15.04.2020,227230,9380,180186,287,23636,397,166,6225,713,3170,2920,150,30,1584
480,15.04.2021,326211,9349,270569,379,29577,484,200,6949,1045,3667,3756,236,30,1512
481,15.05.2019,408730,16473,341112,419,31769,589,249,7865,1349,4048,4481,376,30,1536
482,15.05.2020,288067,10557,236867,281,26455,406,206,5902,756,2765,3644,228,30,1512
483,15.05.2021,274735,6340,249849,343,12216,154,19,1471,288,772,3144,139,30,1536
484,15.06.2019,357079,10385,322471,528,16394,220,75,1852,301,803,3727,323,30,1560
485,15.06.2020,338115,14713,280554,423,28068,526,181,6211,823,2927,3360,329,30,1512
486,15.06.2021,367896,19248,299224,388,32084,506,233,7365,1014,3725,3801,308,29,1536
487,15.07.2019,366568,15364,302937,523,31190,582,232,7228,912,3247,3980,373,29,1560
488,15.07.2020,334877,12679,279517,374,27789,483,190,6082,877,3011,3668,207,29,1512
489,15.07.2021,365822,8569,309545,429,30933,474,209,6799,879,3746,4044,195,29,1536
490,15.08.2019,391522,17064,326907,560,30969,526,205,6885,922,2659,4219,606,29,1560
491,15.08.2020,301921,13201,269696,460,12760,229,33,1313,266,333,3291,339,29,1512
492,15.08.2021,249408,9329,225745,404,9771,146,23,578,141,200,2954,117,29,1512
493,15.09.2019,256891,11270,230315,338,10346,197,32,739,182,231,3004,237,29,1536
494,15.09.2020,349365,19655,284861,375,29418,443,204,6339,950,3126,3708,286,29,1536
495,15.09.2021,370882,10977,310423,398,32166,509,224,7304,973,3634,4038,236,29,1512
496,15.10.2019,386162,12376,324400,320,32052,495,193,7164,983,3452,4364,363,29,1536
497,15.10.2020,372191,11273,315532,332,30237,518,213,6030,923,3153,3730,250,29,1536
498,15.11.2019,426279,10296,364638,393,33672,553,265,7286,1022,3196,4564,394,29,1584
499,15.11.2020,181436,6722,165261,83,6240,31,1,475,87,153,2294,89,29,1536
500,15.12.2019,276582,4242,258107,148,9503,76,34,594,131,208,3358,181,29,1584
501,15.12.2020,329630,6735,279130,238,28783,397,182,6312,905,3164,3559,225,29,1536
502,16.01.2019,399115,9402,341794,247,30944,375,195,7249,916,3405,4251,337,29,1608
503,16.01.2020,399203,11295,340333,281,30875,398,186,6446,887,3403,4887,212,29,1584
504,16.01.2021,226590,1252,207855,176,11457,87,16,1382,148,597,3507,113,29,1584
505,16.02.2019,356914,7418,328357,386,13872,156,34,1495,277,741,3944,234,29,1608
506,16.02.2020,266219,5917,246772,139,8752,59,17,514,101,188,3601,159,29,1584
507,16.02.2021,286124,6052,237915,250,26353,360,166,6592,864,3467,3946,159,29,1512
508,16.03.2019,329762,8156,300176,367,13832,156,53,1625,273,787,4080,257,29,1584
509,16.03.2020,308141,12085,252819,292,27958,397,198,6097,855,3099,4111,230,29,1584
510,16.03.2021,311131,7589,258267,329,28699,491,185,6949,913,3546,3972,191,29,1512
511,16.04.2019,385522,12559,324933,398,29462,480,205,7618,1281,3843,4397,346,29,1536
512,16.04.2020,225402,10303,178849,287,22939,378,164,5859,653,2954,2871,145,29,1584
513,16.04.2021,338683,10322,282774,323,29718,490,171,6720,839,3227,3849,250,29,1512
514,16.05.2019,410783,16212,343084,437,32142,605,300,7982,1275,3788,4530,428,29,1536
515,16.05.2020,202399,8890,177916,177,10160,140,13,1207,200,627,2928,141,29,1512
516,16.05.2021,212247,4056,196039,154,8315,85,19,588,152,283,2502,54,29,1536
517,16.06.2019,280510,9205,254762,294,11523,164,34,810,140,219,3140,219,29,1560
518,16.06.2020,349868,15059,290227,381,29126,517,175,6646,905,3099,3460,273,29,1512
519,16.06.2021,372695,19881,302945,334,32404,533,259,7476,1072,3614,3850,327,29,1536
520,16.07.2019,368695,18044,302784,524,30722,482,209,7216,1069,3433,3844,368,29,1560
521,16.07.2020,344564,12932,289072,465,27627,383,183,6076,891,2970,3757,208,29,1512
522,16.07.2021,379570,10463,321153,520,31257,580,162,7125,848,3205,3948,309,29,1536
523,16.08.2019,408079,19435,340637,650,31250,564,235,7061,944,2588,4106,609,29,1560
524,16.08.2020,235499,10327,212779,320,8441,140,9,451,136,151,2626,119,29,1512
525,16.08.2021,355216,15311,294563,459,29644,494,218,6538,742,2801,4222,224,29,1512
526,16.09.2019,378164,18811,311819,409,30897,566,247,6747,1014,3118,4125,411,29,1536
527,16.09.2020,347641,18321,284971,432,28979,456,234,6460,826,2986,3637,339,29,1536
528,16.09.2021,378688,12677,315843,424,32301,478,234,7631,1061,3572,4190,277,29,1512
529,16.10.2019,388774,15534,323887,320,31797,508,233,7220,1029,3449,4370,427,29,1536
530,16.10.2020,385494,11239,329017,361,30569,545,197,6007,842,2764,3735,218,29,1536
531,16.11.2019,346321,6799,317274,317,14549,149,71,1768,290,772,4061,271,29,1584
532,16.11.2020,315162,10581,260787,313,28083,537,215,6662,917,3215,3635,217,29,1536
533,16.12.2019,404571,10595,344497,341,32350,542,204,6836,939,3374,4491,402,29,1584
534,16.12.2020,319499,8345,267233,289,28496,477,200,6469,951,3242,3581,216,29,1536
535,17.01.2019,405665,9278,348762,288,30770,409,188,6956,962,3309,4383,360,29,1608
536,17.01.2020,419043,8613,362354,307,31052,458,199,6538,846,3079,5378,219,29,1584
537,17.01.2021,141619,779,130694,71,6329,32,34,604,44,225,2769,38,29,1584
538,17.02.2019,279994,6839,259361,116,9186,84,17,636,152,182,3240,181,29,1608
539,17.02.2020,380396,9078,323755,211,30812,416,195,6673,817,3229,4957,253,29,1584
540,17.02.2021,284734,7258,235490,230,26630,374,187,6261,753,3450,3943,158,29,1512
541,17.03.2019,253372,4989,234587,135,9142,91,19,495,142,182,3425,165,29,1584
542,17.03.2020,242878,10591,192564,176,24984,399,193,5999,846,2995,3968,163,29,1584
543,17.03.2021,312248,7340,260253,284,28318,474,204,6485,1025,3653,4042,170,29,1512
544,17.04.2019,400510,13992,336998,530,30540,580,241,7610,1400,3808,4386,425,29,1536
545,17.04.2020,235410,11304,187233,290,23277,402,202,6135,693,2811,2879,184,29,1584
546,17.04.2021,257874,7315,231211,335,12820,136,31,1486,267,751,3407,115,29,1512
547,17.05.2019,421540,15763,355163,521,32347,594,274,7396,1183,3334,4519,446,29,1536
548,17.05.2020,144353,8010,128671,52,4635,25,0,387,65,130,2304,74,29,1512
549,17.05.2021,351362,9056,296057,331,29991,563,227,6786,900,3431,3788,232,29,1536
550,17.06.2019,398656,20039,326770,514,33055,615,280,8024,1172,3610,4176,401,29,1560
551,17.06.2020,361976,9993,307006,364,29859,502,179,6318,876,3069,3532,278,29,1512
552,17.06.2021,378841,19843,308789,415,32735,532,219,7309,1040,3749,3882,328,29,1536
553,17.07.2019,371000,18647,304390,493,30716,570,261,7125,1106,3424,3865,403,29,1560
554,17.07.2020,356159,12279,300600,477,28374,499,170,6235,762,2741,3784,238,29,1512
555,17.07.2021,303928,12812,269977,568,14334,235,32,1484,239,645,3500,102,29,1536
556,17.08.2019,335289,11672,301113,550,14588,219,61,1859,292,505,3955,475,29,1560
557,17.08.2020,341108,14825,284772,446,27265,408,225,5950,750,2505,3729,233,29,1512
558,17.08.2021,354789,17271,291847,431,29426,473,228,6766,910,2997,4249,191,29,1512
559,17.09.2019,386117,19370,317647,366,31325,533,218,7356,1023,3736,4148,395,29,1536
560,17.09.2020,359775,18234,296528,381,29553,463,213,6431,898,3040,3771,263,29,1536
561,17.09.2021,395198,16719,328885,413,32658,530,236,7286,950,3139,4080,302,29,1512
562,17.10.2019,394092,14366,330269,408,31992,501,209,7288,912,3351,4418,378,29,1536
563,17.10.2020,298456,7094,272044,360,13139,175,25,1311,237,682,3239,150,29,1536
564,17.11.2019,253789,2740,236397,135,9885,63,35,666,93,190,3413,172,29,1584
565,17.11.2020,325245,12179,268285,330,28858,433,195,6689,961,3368,3766,181,29,1536
566,17.12.2019,411025,11259,349798,360,32015,510,234,7352,1026,3712,4360,399,29,1584
567,17.12.2020,323839,8636,272176,298,28312,427,215,5919,917,3160,3520,259,29,1536
568,18.01.2019,423062,8175,366662,263,31108,347,205,7115,843,3138,4822,384,29,1608
569,18.01.2020,338361,5587,311038,334,14193,153,48,1493,278,727,4378,132,29,1584
570,18.01.2021,288098,3711,241535,273,27922,391,171,5909,787,3128,4120,151,29,1584
571,18.02.2019,392243,11547,332979,352,30954,430,245,6956,992,3157,4317,314,29,1608
572,18.02.2020,388569,11507,328307,313,31144,424,226,7065,948,3454,4819,362,29,1584
573,18.02.2021,292492,7798,241837,240,26933,434,199,6559,791,3596,3891,214,29,1512
574,18.03.2019,396786,11563,334308,346,32935,533,243,7567,960,3546,4460,325,29,1584
575,18.03.2020,226921,10701,178032,235,23759,390,217,5760,872,3044,3767,144,29,1584
576,18.03.2021,314331,7907,261653,321,28599,502,190,6410,910,3615,3963,261,29,1512
577,18.04.2019,399654,14664,338631,588,28781,588,247,6883,1311,3180,4365,416,29,1536
578,18.04.2020,149815,7995,128425,135,8416,65,8,1168,168,569,2748,118,29,1584
579,18.04.2021,181044,4290,166146,112,6507,37,37,566,135,318,2854,42,29,1512
580,18.05.2019,339521,9738,306307,445,14844,212,82,1889,469,990,4144,401,29,1536
581,18.05.2020,277127,12973,223664,294,26019,441,216,5927,778,2966,3536,313,29,1512
582,18.05.2021,356553,11006,298258,318,30691,420,169,7176,953,3651,3684,227,29,1536
583,18.06.2019,399427,20567,326410,449,33225,626,244,7954,1305,3874,4244,529,29,1560
584,18.06.2020,353791,14694,294553,455,29003,494,160,6617,831,3015,3484,485,29,1512
585,18.06.2021,393756,18198,325910,433,32879,533,225,7075,942,3392,3834,335,29,1536
586,18.07.2019,371358,18138,305734,548,30603,543,234,6915,1012,3375,3853,403,29,1560
587,18.07.2020,275468,11415,246013,462,12019,169,20,1216,280,575,3143,156,29,1512
588,18.07.2021,238477,11588,213513,397,9019,140,10,587,132,188,2808,95,29,1536
589,18.08.2019,262144,10505,236057,389,10320,179,33,771,188,178,3128,396,29,1560
590,18.08.2020,342361,16157,284298,336,27321,472,204,6092,788,2693,3730,270,29,1512
591,18.08.2021,360826,16514,297659,464,30100,465,208,6918,817,3061,4413,207,29,1512
592,18.09.2019,388822,18195,321975,457,31293,559,251,7099,1011,3392,4196,394,29,1536
593,18.09.2020,371206,17680,309280,463,29562,494,207,6057,813,2577,3802,271,29,1536
594,18.09.2021,335951,12959,300545,419,15341,165,37,1612,330,667,3694,182,29,1512
595,18.10.2019,419358,11991,356804,412,33173,615,240,7208,997,3102,4409,407,29,1536
596,18.10.2020,221646,5899,204169,235,7991,86,5,508,77,141,2477,58,29,1536
597,18.11.2019,392046,9519,332291,316,32477,471,229,7284,905,3292,4882,380,29,1584
598,18.11.2020,328193,12141,270900,348,28919,573,203,6739,1068,3439,3656,207,29,1536
599,18.12.2019,419876,10566,359512,346,32104,451,264,7068,1054,3632,4497,382,29,1584
600,18.12.2020,338158,8943,286916,309,28042,466,185,5763,908,2777,3540,309,29,1536
601,19.01.2019,338256,4510,312926,280,13477,144,60,1513,251,695,4149,251,29,1608
602,19.01.2020,244268,3262,227726,128,9098,59,14,485,100,139,3214,43,29,1584
603,19.01.2021,296157,4714,247638,260,28206,387,167,6239,890,3346,4159,151,29,1584
604,19.02.2019,400239,12077,339299,322,31356,523,232,7326,1064,3383,4328,329,29,1608
605,19.02.2020,389399,9951,332215,271,30277,439,193,6649,910,3562,4670,262,29,1584
606,19.02.2021,303622,7958,253295,307,27018,471,151,6425,843,3100,3898,156,29,1512
607,19.03.2019,408555,12814,344252,340,33258,469,245,7708,964,3612,4480,413,29,1584
608,19.03.2020,227518,10662,178078,221,24008,381,247,6107,766,3195,3679,174,29,1584
609,19.03.2021,329157,7482,277491,336,28678,491,192,6440,803,3058,4010,176,30,1512
610,19.04.2019,250221,8784,227575,256,8732,116,31,600,389,324,3217,197,29,1536
611,19.04.2020,112530,6916,98410,57,4022,15,6,366,45,167,2430,96,29,1584
612,19.04.2021,313839,10319,258708,308,28319,424,213,7156,875,3350,3956,211,29,1512
613,19.05.2019,260292,6792,238850,244,9661,130,28,668,210,239,3265,205,29,1536
614,19.05.2020,285084,14301,229441,305,25941,417,214,6236,870,3283,3621,455,29,1512
615,19.05.2021,358915,10683,301312,400,30413,525,198,6860,1040,3591,3641,252,29,1536
616,19.06.2019,405116,20961,332506,514,32614,647,294,7700,1339,3968,4170,403,29,1560
617,19.06.2020,366263,13357,308400,414,29322,542,165,6634,771,2779,3490,389,29,1512
618,19.06.2021,320001,13004,285972,363,14390,194,24,1576,300,661,3366,151,29,1536
619,19.07.2019,385367,17830,319681,638,30771,558,206,7314,1020,2955,3938,456,29,1560
620,19.07.2020,212834,9777,191947,294,7376,122,12,427,162,155,2420,142,29,1512
621,19.07.2021,336900,16042,276381,480,28394,530,228,6625,910,3251,3831,228,29,1536
622,19.08.2019,367728,11456,308700,485,31178,511,275,6629,886,2828,4244,536,29,1536
623,19.08.2020,350890,17895,290287,371,28356,451,190,5854,830,2673,3734,249,29,1512
624,19.08.2021,366822,18300,302451,509,29736,430,202,6730,850,3153,4195,266,29,1512
625,19.09.2019,400390,17940,332500,490,31893,560,275,7398,1128,3580,4195,431,29,1536
626,19.09.2020,304149,11611,272723,415,13508,148,24,1390,215,595,3307,213,29,1536
627,19.09.2021,243579,3926,224820,249,10377,122,23,649,127,166,3062,58,29,1512
628,19.10.2019,343561,5491,315191,392,15401,230,51,1581,290,790,3890,254,29,1536
629,19.10.2020,341137,13086,284432,312,28931,504,192,6202,798,2813,3665,202,29,1536
630,19.11.2019,397789,10991,335516,320,33011,519,189,7370,1128,3581,4769,395,29,1584
631,19.11.2020,336010,9846,280637,269,29750,499,211,6584,894,3406,3719,195,29,1536
632,19.12.2019,426445,10858,365893,355,32342,482,233,6844,1063,3486,4476,413,29,1584
633,19.12.2020,247672,5219,224775,270,11861,159,46,1294,258,723,2969,98,29,1536
634,20.01.2019,243540,2858,228592,85,7929,40,17,433,59,164,3224,139,29,1608
635,20.01.2020,375877,8756,319118,269,31130,475,252,6641,921,3547,4472,296,29,1584
636,20.01.2021,297104,5783,248121,252,27493,352,214,6243,844,3522,4116,164,29,1584
637,20.02.2019,404581,12542,343015,317,31486,428,226,7360,1011,3565,4305,326,29,1608
638,20.02.2020,394455,11347,334619,230,31541,436,190,7128,883,3434,4398,249,29,1584
639,20.02.2021,222973,6942,199703,244,10529,126,13,1131,201,635,3363,86,29,1512
640,20.03.2019,413453,13524,347951,397,33594,526,231,7473,1022,3874,4503,358,29,1584
641,20.03.2020,225236,9623,177711,273,23675,371,168,6017,713,2827,3677,181,29,1584
642,20.03.2021,251296,5184,228586,325,11425,125,20,1167,209,745,3370,140,29,1512
643,20.04.2019,299305,10270,269237,364,11611,167,46,1738,586,877,4125,284,29,1536
644,20.04.2020,230780,10636,182312,268,24440,412,223,5866,677,2877,2868,201,29,1584
645,20.04.2021,323894,13079,264720,333,29089,476,233,7347,956,3462,3955,244,29,1512
646,20.05.2019,389316,8497,331493,397,31272,498,287,7481,1129,3639,4278,345,29,1536
647,20.05.2020,294768,14222,239924,323,26026,446,199,5868,805,3018,3674,263,29,1512
648,20.05.2021,369573,12257,308510,387,31172,542,229,7174,1015,4271,3743,273,29,1536
649,20.06.2019,407874,14305,342254,490,33232,571,215,7463,1079,3885,3969,411,29,1560
650,20.06.2020,285629,11211,255856,432,12677,217,22,1320,248,604,2864,178,29,1512
651,20.06.2021,239982,7129,219870,209,8922,117,11,622,142,224,2648,88,29,1536
652,20.07.2019,299700,11469,266816,649,13780,233,57,1663,381,774,3486,392,29,1560
653,20.07.2020,317126,16434,260116,412,26235,475,184,5898,815,2657,3643,257,29,1512
654,20.07.2021,341555,16786,279400,466,28404,482,198,6963,915,3767,3806,368,29,1536
655,20.08.2019,373978,10132,316422,390,30779,471,211,6997,893,2959,4294,430,29,1536
656,20.08.2020,352558,19803,289777,377,28381,413,236,6160,818,2629,3713,251,29,1512
657,20.08.2021,388327,18306,323331,572,30555,587,208,6637,818,2670,4360,283,29,1512
658,20.09.2019,411756,17122,345925,489,31571,567,237,7124,1004,3071,4256,390,29,1536
659,20.09.2020,241767,9533,219777,253,8552,103,16,604,72,186,2541,130,29,1536
660,20.09.2021,362241,13074,300470,392,32476,499,255,6896,854,3040,4049,236,29,1512
661,20.10.2019,260126,6358,239658,216,9719,106,24,622,80,193,2925,225,29,1536
662,20.10.2020,345551,14166,287148,327,29090,505,214,6336,935,3009,3615,206,29,1536
663,20.11.2019,400322,10874,336825,389,33857,514,227,7672,1204,3722,4641,397,29,1584
664,20.11.2020,346066,9745,292166,371,29178,480,177,6385,867,2861,3636,200,29,1536
665,20.12.2019,438395,8621,382635,339,31248,441,233,6161,846,2692,4761,418,29,1584
666,20.12.2020,150527,3070,138853,95,5396,32,5,423,82,219,2321,31,29,1536
667,21.01.2019,383447,7912,328253,215,30817,357,228,6988,841,3064,4363,409,29,1608
668,21.01.2020,380044,9079,322885,274,30909,392,231,6878,1023,3707,4368,298,29,1584
669,21.01.2021,299155,6919,249413,246,27483,374,174,6086,916,3449,3959,136,29,1584
670,21.02.2019,407445,12650,346598,333,30899,450,272,7306,991,3341,4312,293,29,1584
671,21.02.2020,418204,11154,358933,377,31568,430,207,6978,815,2925,4538,279,29,1584
672,21.02.2021,179723,6807,163230,75,6198,36,6,434,77,200,2625,35,29,1512
673,21.03.2019,413624,13660,349086,419,33179,520,248,7207,953,3553,4430,369,29,1584
674,21.03.2020,116327,3551,100699,143,7121,70,15,1036,204,624,2809,55,29,1584
675,21.03.2021,179098,3659,165747,137,6123,38,9,428,50,203,2634,70,29,1512
676,21.04.2019,233596,7224,214279,167,7346,80,24,428,333,216,3332,167,29,1536
677,21.04.2020,234665,10616,185597,276,24610,455,221,6271,711,2841,2908,159,29,1584
678,21.04.2021,331327,13372,271139,380,29508,507,239,7145,1049,3825,3907,256,29,1512
679,21.05.2019,398188,13223,333460,418,32618,485,294,7726,1102,3935,4520,407,29,1536
680,21.05.2020,154890,8557,136297,72,6302,47,15,744,106,273,2370,107,29,1512
681,21.05.2021,380613,9289,323911,390,31049,515,230,6853,987,3328,3814,247,29,1536
682,21.06.2019,430345,15937,362620,619,33877,633,223,7405,1065,3292,4257,417,29,1560
683,21.06.2020,216085,9932,195188,232,7514,118,8,468,83,151,2279,112,29,1512
684,21.06.2021,357825,13341,296281,379,31568,548,218,7081,889,3441,3865,214,29,1536
685,21.07.2019,233410,9052,209921,540,9458,190,31,701,219,211,2888,199,29,1560
686,21.07.2020,328587,17438,269855,388,26372,442,204,6311,886,2746,3709,236,29,1512
687,21.07.2021,344061,16694,281093,538,28945,562,229,7326,908,3736,3759,271,29,1536
688,21.08.2019,377732,16891,313517,415,30557,539,219,7006,946,2942,4232,468,29,1536
689,21.08.2020,362242,19301,300071,468,28337,520,218,6120,751,2435,3680,341,29,1512
690,21.08.2021,327217,13813,290660,511,15456,222,32,1587,353,513,3810,260,29,1512
691,21.09.2019,335962,11808,301594,432,14912,241,72,1668,348,748,3830,309,29,1536
692,21.09.2020,348234,17868,286206,484,28843,538,272,6206,883,2956,3694,284,29,1536
693,21.09.2021,368796,16251,302165,352,33184,487,211,7292,1011,3575,3984,284,29,1512
694,21.10.2019,379498,11103,319763,387,31592,565,214,7067,1011,3253,4121,422,29,1536
695,21.10.2020,350434,14444,291068,353,29408,524,169,6233,955,3368,3628,284,29,1536
696,21.11.2019,408231,10973,345097,301,33539,577,261,7643,1135,3838,4489,378,29,1584
697,21.11.2020,264736,6147,240920,256,11927,160,14,1255,207,666,3075,109,29,1536
698,21.12.2019,349343,5538,322368,284,14057,136,36,1590,255,692,4116,271,29,1584
699,21.12.2020,301337,6876,259855,260,22171,376,181,4672,680,2606,3487,173,29,1536
700,22.01.2019,390281,8442,333400,251,30931,461,207,7442,956,3475,4384,332,29,1608
701,22.01.2020,383459,8616,325946,288,31390,386,235,7058,1111,3775,4422,232,29,1584
702,22.01.2021,310956,6630,261567,326,27940,390,167,5966,753,3023,4050,144,29,1584
703,22.02.2019,427209,11982,366355,395,31267,532,264,7593,945,2998,4507,371,29,1584
704,22.02.2020,341745,7513,312895,333,13906,162,35,1498,249,698,4253,203,29,1584
705,22.02.2021,265009,8369,219119,251,22948,445,162,5818,820,3109,3831,137,29,1512
706,22.03.2019,449707,14617,381377,492,35251,554,292,7734,957,3277,4772,384,29,1584
707,22.03.2020,88827,3191,78832,60,3590,13,1,279,49,138,2634,40,29,1584
708,22.03.2021,300341,8288,248270,291,28320,502,178,6194,893,3308,3904,193,29,1512
709,22.04.2019,247578,8931,224094,317,9077,132,32,861,369,321,3249,195,29,1536
710,22.04.2020,238004,11580,188072,206,24624,385,200,6126,699,3071,2841,200,29,1584
711,22.04.2021,333401,13781,272832,369,29598,430,255,7288,992,3670,3965,221,29,1512
712,22.05.2019,404401,16327,337285,410,31841,566,260,7712,1149,4202,4275,374,29,1536
713,22.05.2020,243761,11498,205415,291,15846,301,122,3621,577,2247,3631,212,29,1512
714,22.05.2021,307722,9723,277679,305,13657,195,27,1669,400,775,3150,142,29,1536
715,22.06.2019,345325,8818,312485,568,15924,225,46,2044,319,842,3714,340,29,1560
716,22.06.2020,334197,16925,273984,413,28249,441,201,6591,839,2875,3444,235,29,1512
717,22.06.2021,371998,11231,311734,397,31851,482,181,7265,948,3696,3988,225,29,1536
718,22.07.2019,353282,17311,290142,625,29187,509,204,7079,959,3030,3874,362,29,1560
719,22.07.2020,327467,16513,270710,379,25772,437,176,5868,870,2823,3630,289,29,1512
720,22.07.2021,350518,16680,288052,482,28971,577,208,7057,957,3423,3861,250,29,1536
721,22.08.2019,384207,18263,317469,587,31053,574,231,7020,991,3238,4257,524,29,1536
722,22.08.2020,301203,9358,272456,442,13387,199,28,1252,221,467,3238,155,29,1512
723,22.08.2021,244486,6929,223328,379,9578,158,17,597,144,176,3106,74,29,1512
724,22.09.2019,258761,7945,235866,340,10200,128,26,653,115,181,3112,195,29,1536
725,22.09.2020,353658,16972,291231,425,29477,514,186,6556,968,3264,3729,336,29,1536
726,22.09.2021,372408,16453,306829,431,32276,465,243,6935,911,3428,4164,273,29,1512
727,22.10.2019,384495,14094,322360,386,30970,567,196,7203,1015,3546,3784,374,29,1536
728,22.10.2020,360158,12497,302572,380,29771,499,173,6288,892,3170,3663,253,29,1536
729,22.11.2019,427456,11063,364231,361,33663,580,337,7505,1078,3586,4618,434,29,1584
730,22.11.2020,177521,4407,163546,93,6482,42,7,385,68,142,2309,40,29,1536
731,22.12.2019,259871,2837,244039,112,8592,77,19,507,83,181,3268,156,29,1584
732,22.12.2020,307314,7552,265049,223,22576,305,209,4582,790,2391,3478,159,29,1536
733,23.01.2019,391224,5884,337226,174,30815,397,246,7227,956,3502,4400,397,29,1608
734,23.01.2020,392095,8786,335345,323,30748,406,233,6874,898,3720,4515,247,29,1584
735,23.01.2021,221048,3616,200967,268,10561,115,14,1194,201,599,3451,62,29,1584
736,23.02.2019,352943,7642,323674,361,14142,188,47,1530,277,782,4017,283,30,1584
737,23.02.2020,240687,4980,223662,151,7674,58,8,503,136,167,3274,74,30,1584
738,23.02.2021,286164,9494,233994,286,26573,484,207,6799,958,3405,3788,176,30,1512
739,23.03.2019,366643,10760,331029,460,16627,215,50,1822,313,794,4298,275,30,1584
740,23.03.2020,207953,6923,165499,164,22948,392,183,5654,704,2556,2802,128,30,1584
741,23.03.2021,312890,10284,257294,362,28773,430,169,6847,973,3619,3931,208,30,1512
742,23.04.2019,375308,14937,313388,447,29049,593,245,7301,1145,3309,4529,365,30,1536
743,23.04.2020,238990,11418,189085,251,24628,365,205,6136,696,3120,2886,200,30,1584
744,23.04.2021,352554,14226,292152,379,29589,518,231,7169,932,3234,3853,271,30,1512
745,23.05.2019,407971,18576,338180,401,32016,562,278,7787,1309,4042,4439,381,30,1536
746,23.05.2020,185209,4156,166590,152,9095,105,15,1090,182,633,3072,119,30,1512
747,23.05.2021,217654,7518,199288,158,7211,79,4,506,155,193,2474,68,30,1536
748,23.06.2019,270379,11067,243818,410,10405,128,28,777,170,202,3153,221,30,1560
749,23.06.2020,341416,18525,278569,366,28816,454,166,6829,950,3024,3433,284,30,1512
750,23.06.2021,374099,14560,310246,404,32036,538,232,7214,995,3768,3880,226,30,1536
751,23.07.2019,351885,18515,288019,550,28812,461,204,6874,1065,3216,3727,442,30,1560
752,23.07.2020,332561,16717,275063,453,26071,471,179,6036,883,2774,3624,290,30,1512
753,23.07.2021,363703,16344,301987,636,29017,552,178,7016,900,2961,3851,261,30,1536
754,23.08.2019,401941,18097,336074,576,30726,588,265,6917,1015,2741,4280,662,30,1536
755,23.08.2020,235019,9898,213331,284,8008,119,14,457,109,166,2524,109,30,1512
756,23.08.2021,348842,15905,287981,433,29780,459,174,6291,760,2820,4044,195,30,1512
757,23.09.2019,379779,13828,317077,428,31921,587,253,7040,1003,3168,4019,455,30,1536
758,23.09.2020,359305,15886,297218,401,30076,580,218,6642,943,3248,3680,413,30,1536
759,23.09.2021,379501,17384,312774,475,32621,516,220,6864,953,3366,4072,256,30,1512
760,23.10.2019,390343,15652,325027,425,32011,567,190,7545,1091,3649,3772,414,30,1536
761,23.10.2020,370673,7749,318156,369,30022,492,162,6118,870,2626,3819,290,29,1536
762,23.11.2019,342342,6144,313869,393,14558,190,76,1611,368,859,4035,239,29,1584
763,23.11.2020,305804,9571,252300,322,29046,403,160,6228,891,3087,3610,186,29,1536
764,23.12.2019,368104,6457,329045,280,20307,276,169,4236,630,2008,4345,351,29,1584
765,23.12.2020,293042,7302,255109,197,19819,274,192,4003,586,1970,3421,169,29,1536
766,24.01.2019,404950,7271,348887,262,31474,386,234,7332,899,3356,4494,355,29,1608
767,24.01.2020,418670,8581,362427,276,31362,420,194,6612,948,3009,4571,270,29,1584
768,24.01.2021,163020,2919,150738,139,5790,53,7,444,56,162,2684,28,29,1584
769,24.02.2019,273030,5945,253962,145,8774,70,13,496,78,154,3191,202,29,1584
770,24.02.2020,361242,11584,304894,308,28810,411,210,6432,776,3205,4383,229,29,1584
771,24.02.2021,293337,10015,240585,259,26471,424,198,6533,1088,3753,3849,162,29,1512
772,24.03.2019,294703,8879,269948,164,11110,95,30,588,80,185,3438,186,29,1584
773,24.03.2020,207128,7012,164531,188,22653,354,158,5719,702,2778,2892,141,29,1584
774,24.03.2021,313648,11049,257469,351,28727,484,212,6618,1052,3713,3774,199,29,1512
775,24.04.2019,374101,12806,314586,416,28884,510,261,6995,1185,3582,4489,387,29,1536
776,24.04.2020,251260,12226,200364,308,25038,423,218,6159,639,2868,2851,166,29,1584
777,24.04.2021,278077,11326,246985,264,13021,136,38,1610,298,735,3448,216,29,1512
778,24.05.2019,427524,17921,357933,500,32696,555,302,7799,1201,3495,4641,481,29,1536
779,24.05.2020,148356,6692,133618,62,5112,28,1,310,53,140,2267,73,29,1512
780,24.05.2021,221861,6874,202757,184,8285,82,11,700,164,305,2420,79,29,1536
781,24.06.2019,391548,20968,319873,490,32795,544,221,7551,1114,3492,4077,423,29,1560
782,24.06.2020,347166,19207,283976,358,28762,487,167,6630,891,2943,3451,294,29,1512
783,24.06.2021,382093,13080,319254,405,32368,545,206,7238,1035,3804,3930,228,29,1536
784,24.07.2019,358606,18405,294008,535,29223,554,186,7175,1043,3343,3716,418,29,1560
785,24.07.2020,356644,14279,300380,530,27466,489,167,6020,806,2566,3714,227,29,1512
786,24.07.2021,290977,7009,263342,625,13674,214,25,1494,251,592,3548,203,29,1536
787,24.08.2019,336566,12593,300739,519,15244,214,83,1926,382,629,3735,502,29,1536
788,24.08.2020,341475,17993,280419,403,28189,515,239,6298,839,2602,3704,274,29,1512
789,24.08.2021,356205,17481,293016,405,29652,467,234,6670,887,3178,3973,242,29,1512
790,24.09.2019,386483,14566,322507,397,31867,567,197,7070,1043,3548,4284,437,29,1536
791,24.09.2020,366497,14038,306182,318,30511,453,214,6535,947,3215,3846,238,29,1536
792,24.09.2021,405971,17503,339097,478,32722,487,230,7145,890,2970,4148,301,29,1512
793,24.10.2019,395710,15597,330842,421,31907,579,192,7416,1005,3452,3856,443,29,1536
794,24.10.2020,284766,8934,257185,311,12875,126,31,1239,246,593,3106,120,29,1536
795,24.11.2019,264738,4689,245907,160,9660,61,25,549,106,175,3218,188,29,1584
796,24.11.2020,316026,10199,261886,227,28397,459,202,6414,916,3458,3694,174,29,1536
797,24.12.2019,304251,4125,276617,129,14355,148,96,3008,389,945,4165,274,29,1584
798,24.12.2020,242365,4446,217438,109,12928,193,87,2413,365,1015,3275,96,29,1536
799,25.01.2019,430720,7202,374643,292,32069,378,226,7375,832,2806,4538,359,29,1608
800,25.01.2020,336300,5210,309724,295,14066,153,48,1437,278,691,4128,270,29,1584
801,25.01.2021,287651,4734,240082,187,27660,320,190,6262,810,3127,4115,164,29,1584
802,25.02.2019,393406,12314,333218,300,30997,394,221,7147,923,3199,4299,394,29,1584
803,25.02.2020,378952,9176,322627,298,30461,463,231,6853,931,3391,4295,226,29,1584
804,25.02.2021,296638,10331,243073,293,26738,436,202,6739,964,3810,3862,190,29,1512
805,25.03.2019,408757,13239,344468,352,33161,560,224,7245,987,3542,4600,379,29,1584
806,25.03.2020,209923,7252,166898,179,22859,331,157,5850,788,2578,2920,111,29,1584
807,25.03.2021,321794,11528,264507,347,29190,480,180,6770,1017,3761,3822,192,29,1512
808,25.04.2019,398339,14290,335103,498,30349,556,254,7335,1380,3721,4454,399,29,1536
809,25.04.2020,157963,8482,135812,128,8703,64,22,1173,192,531,2768,88,29,1584
810,25.04.2021,216244,9746,194569,150,7721,57,26,627,184,347,2742,75,29,1512
811,25.05.2019,339575,10669,305708,450,14784,233,99,2026,441,814,3926,425,29,1536
812,25.05.2020,281102,13369,228002,259,25430,499,161,5755,782,2984,3643,218,29,1512
813,25.05.2021,367585,13441,305032,401,31815,568,247,7468,947,3661,3754,251,29,1536
814,25.06.2019,400781,21514,327544,417,33420,573,265,7755,1081,3666,4039,507,29,1560
815,25.06.2020,354812,18963,291410,372,29115,521,175,6759,866,2852,3466,313,29,1512
816,25.06.2021,406473,16242,340405,416,33079,500,202,7237,870,3294,3960,268,29,1536
817,25.07.2019,366159,18345,302039,623,29131,473,214,6918,1104,3129,3750,433,29,1560
818,25.07.2020,277700,11732,247621,508,11993,225,27,1446,276,484,3207,181,29,1512
819,25.07.2021,222110,4394,204447,327,8910,151,18,576,96,195,2919,77,29,1536
820,25.08.2019,260818,10583,234784,391,10215,152,50,754,233,201,3031,424,29,1536
821,25.08.2020,348814,18950,286571,402,28426,402,221,6218,850,2797,3690,287,29,1512
822,25.08.2021,366330,17580,302057,494,30327,466,204,6825,919,3182,4017,259,29,1512
823,25.09.2019,397348,15528,332203,444,31878,507,248,7242,1074,3529,4313,382,29,1536
824,25.09.2020,386374,11509,328744,366,31035,477,217,6414,748,2780,3834,250,29,1536
825,25.09.2021,343120,12868,307060,433,15990,226,56,1731,315,632,3612,197,29,1512
826,25.10.2019,420632,15694,355886,382,32173,520,239,7174,977,3149,4012,426,29,1536
827,25.10.2020,212923,7759,194070,166,7596,54,10,505,116,163,2379,105,29,1536
828,25.11.2019,395827,11709,332696,429,32800,587,255,7793,1018,3506,4621,413,29,1584
829,25.11.2020,326950,9930,271965,354,29155,513,190,6526,958,3480,3700,179,29,1536
830,25.12.2019,208035,2165,195855,50,6378,19,11,334,50,72,2964,137,29,1584
831,25.12.2020,142208,1992,132738,14,4689,4,0,274,45,121,2306,25,29,1536
832,26.01.2019,334003,3692,309463,257,13404,185,45,1622,235,735,4110,255,29,1608
833,26.01.2020,252568,3508,236143,153,8637,57,25,521,74,172,3219,59,29,1584
834,26.01.2021,303945,6313,253209,239,28270,343,235,6737,871,3484,4078,166,29,1584
835,26.02.2019,404597,13360,342516,293,31025,412,222,7797,883,3347,4361,381,29,1584
836,26.02.2020,376287,7510,322195,262,30261,429,240,6517,887,3459,4273,254,29,1584
837,26.02.2021,307115,9344,254998,354,26753,496,168,6802,931,3233,3885,151,29,1512
838,26.03.2019,407038,13700,342212,383,32489,490,212,7688,1055,3734,4606,469,29,1584
839,26.03.2020,210838,7047,168154,227,22618,404,185,5609,750,2807,2905,132,29,1584
840,26.03.2021,335176,11954,277905,395,29373,531,198,6656,936,3190,3815,223,29,1512
841,26.04.2019,416901,9295,358820,507,30487,540,282,7521,1205,3231,4636,377,29,1536
842,26.04.2020,116333,5900,103149,51,4163,22,2,315,43,171,2472,45,29,1584
843,26.04.2021,323275,13476,263858,380,29285,519,202,7258,958,3247,3851,241,29,1512
844,26.05.2019,268194,9836,243358,317,9776,114,46,664,249,308,3298,228,29,1536
845,26.05.2020,292622,15120,235915,260,26596,421,186,6198,884,3137,3687,218,29,1512
846,26.05.2021,371939,12075,310147,374,32200,614,223,7284,1071,3985,3712,254,29,1536
847,26.06.2019,405052,21138,332561,496,33129,581,268,7467,1173,3711,4051,477,29,1560
848,26.06.2020,365383,14899,306408,413,29375,471,173,6444,772,2584,3446,398,29,1512
849,26.06.2021,333571,13745,297969,446,15028,195,36,1611,303,712,3375,151,29,1536
850,26.07.2019,376739,16274,314443,654,29649,486,208,7084,956,2678,3810,497,29,1560
851,26.07.2020,214689,8743,194468,314,7647,91,10,503,123,166,2509,115,29,1512
852,26.07.2021,336038,10836,282837,452,27401,493,183,5863,796,3059,3903,215,29,1536
853,26.08.2019,362918,18646,297638,460,30189,521,271,6651,961,2862,4175,544,29,1536
854,26.08.2020,351332,18571,289866,449,27906,460,221,6080,837,3008,3658,276,29,1512
855,26.08.2021,369404,16128,306294,510,31045,506,172,6404,881,3243,3992,229,29,1512
856,26.09.2019,412301,13348,347848,413,33543,515,265,7088,1140,3322,4442,377,29,1536
857,26.09.2020,304210,6085,277909,374,13886,152,28,1410,212,663,3348,143,29,1536
858,26.09.2021,255466,6524,233609,267,10804,103,19,735,142,206,2957,100,29,1512
859,26.10.2019,346290,9656,314344,344,14857,187,65,1804,334,856,3491,352,29,1536
860,26.10.2020,330906,7384,279947,249,28980,475,212,6072,808,2884,3715,180,29,1536
861,26.11.2019,402180,12744,338742,371,32128,523,281,7616,1101,3794,4479,401,29,1584
862,26.11.2020,333806,9847,278697,317,29580,505,215,6238,984,3536,3632,255,29,1536
863,26.12.2019,222245,2648,208332,78,7215,30,14,526,85,159,3014,144,29,1584
864,26.12.2020,151304,2774,140213,30,5340,25,1,313,56,199,2316,37,29,1536
865,27.01.2019,253742,3115,238051,110,8279,61,20,515,93,149,3193,156,29,1608
866,27.01.2020,380063,9508,323116,317,30884,448,243,6821,828,3199,4471,228,29,1584
867,27.01.2021,301872,4089,252181,245,29680,396,206,6605,822,3404,4061,183,29,1584
868,27.02.2019,408169,13888,345667,354,31196,477,244,7140,1019,3569,4248,367,29,1584
869,27.02.2020,384754,7424,329810,308,30720,377,227,6876,884,3388,4388,352,29,1584
870,27.02.2021,231834,6604,207695,344,11329,166,17,1331,294,668,3301,85,29,1512
871,27.03.2019,408740,13449,345012,396,31824,479,232,7811,1102,3744,4365,326,29,1584
872,27.03.2020,215826,7771,173551,207,22459,283,179,5456,650,2209,2921,140,29,1584
873,27.03.2021,260490,7150,233987,365,12923,141,29,1424,277,755,3312,127,29,1512
874,27.04.2019,337409,5190,308480,419,15061,206,83,1954,534,860,4307,315,29,1536
875,27.04.2020,258706,11615,206896,256,26034,488,189,6267,777,3131,2867,186,29,1584
876,27.04.2021,330970,14332,270306,348,29357,458,236,7429,1079,3412,3756,257,29,1512
877,27.05.2019,390231,17319,323073,398,31267,530,259,7913,1172,3765,4165,370,29,1536
878,27.05.2020,293564,15110,237179,278,26572,474,185,6109,848,2949,3628,232,29,1512
879,27.05.2021,371942,11574,311254,390,31699,492,235,7248,1030,3985,3723,312,29,1536
880,27.06.2019,416418,21395,343074,575,33638,629,233,7703,1169,3557,3955,490,29,1560
881,27.06.2020,296803,11306,265919,420,13499,205,40,1506,291,613,2793,211,29,1512
882,27.06.2021,254095,10517,229728,272,9623,145,18,654,146,223,2647,122,29,1536
883,27.07.2019,304506,8035,274637,675,14096,243,62,1821,338,614,3693,292,29,1560
884,27.07.2020,324771,17032,267468,395,26270,475,164,5785,736,2535,3644,267,29,1512
885,27.07.2021,343227,13623,285513,411,28200,528,168,6438,860,3335,3952,199,29,1536
886,27.08.2019,368505,19515,302518,427,29590,527,244,6670,988,3303,4146,577,29,1536
887,27.08.2020,358317,19210,295835,446,28442,468,212,6051,788,2805,3676,384,29,1512
888,27.08.2021,393574,16382,329159,575,31484,541,224,7116,903,2876,4081,233,29,1512
889,27.09.2019,421590,14558,356615,483,32903,607,239,7250,1045,3177,4325,388,29,1536
890,27.09.2020,222374,4701,205613,194,8273,105,9,503,69,158,2562,187,29,1536
891,27.09.2021,362290,15642,297078,500,32589,506,256,7231,1001,3223,3997,267,29,1512
892,27.10.2019,275888,7625,253817,184,9981,90,32,670,176,243,2810,260,29,1536
893,27.10.2020,343162,11736,285855,326,30013,465,209,6609,908,3179,3656,206,29,1536
894,27.11.2019,406329,11112,343858,330,32798,476,219,7752,1049,3722,4565,448,29,1584
895,27.11.2020,348296,9292,294165,345,29601,587,160,6190,878,2992,3693,393,29,1536
896,27.12.2019,330342,4561,299286,171,15840,179,110,3451,550,1360,4471,363,29,1584
897,27.12.2020,141630,2289,130722,45,5518,40,8,396,85,176,2332,19,29,1536
898,28.01.2019,393046,7491,338207,274,30799,423,258,7003,868,2996,4378,349,29,1608
899,28.01.2020,386018,7980,330167,250,31056,438,211,6893,965,3421,4395,242,29,1584
900,28.01.2021,312021,5234,262308,240,28975,355,186,6255,812,3399,4088,169,29,1584
901,28.02.2019,418161,13769,354766,376,31980,496,223,7464,973,3467,4264,383,29,1584
902,28.02.2020,403525,9394,345838,410,31378,445,235,7229,879,3034,4398,285,29,1584
903,28.02.2021,180900,5379,165148,144,6688,79,7,469,139,199,2605,43,29,1512
904,28.03.2019,416193,14496,349470,436,32227,623,240,8141,1218,3952,4984,406,29,1584
905,28.03.2020,134955,6238,115888,142,7857,55,12,1187,184,533,2753,106,29,1584
906,28.03.2021,190966,7295,173214,145,6712,37,11,523,155,282,2516,76,29,1512
907,28.04.2019,258938,4582,239394,224,9534,99,62,705,300,250,3614,174,29,1536
908,28.04.2020,260078,7631,212368,199,25946,367,172,6301,735,3181,2907,271,29,1584
909,28.04.2021,331343,11776,273037,357,29623,454,203,7453,1088,3389,3746,217,29,1512
910,28.05.2019,398719,12147,335698,367,31993,576,277,7818,1289,3967,4201,386,29,1536
911,28.05.2020,299026,15049,242072,252,27005,435,177,6118,902,3151,3617,248,29,1512
912,28.05.2021,386938,16008,323038,423,30900,553,210,7258,1035,3544,3673,296,29,1536
913,28.06.2019,430830,20891,357400,582,34345,646,225,7634,1086,3309,4237,475,29,1560
914,28.06.2020,221614,8114,202227,230,7925,108,18,553,79,154,2099,107,29,1512
915,28.06.2021,369152,13412,306054,431,32064,482,226,7718,923,3606,3994,242,29,1536
916,28.07.2019,224188,3585,206825,440,9111,145,32,722,83,169,2918,158,29,1560
917,28.07.2020,333990,17322,275234,418,26838,496,178,6021,839,2851,3557,236,29,1512
918,28.07.2021,347212,11328,292139,476,28073,469,181,6375,881,3108,3992,190,29,1536
919,28.08.2019,378657,18886,311278,413,31299,519,257,7013,1170,3272,3964,586,29,1536
920,28.08.2020,366532,11079,311735,472,29311,465,204,5926,705,2429,3802,404,29,1512
921,28.08.2021,333477,10249,300058,525,16105,222,49,1636,304,631,3525,173,29,1512
922,28.09.2019,335941,9902,302460,501,15592,231,57,1848,361,854,3840,295,29,1536
923,28.09.2020,336372,11782,281316,320,28312,515,192,6171,855,2995,3692,222,29,1536
924,28.09.2021,366944,16333,301060,359,32161,490,218,7374,974,3755,3965,255,29,1512
925,28.10.2019,377468,9954,320387,326,30855,466,206,6748,909,3198,3976,443,29,1536
926,28.10.2020,341999,10684,286613,322,29498,492,193,6201,927,3212,3643,214,29,1536
927,28.11.2019,416896,11198,354302,374,33521,511,226,7200,985,3562,4596,421,29,1584
928,28.11.2020,259862,5374,235560,352,12792,172,18,1416,240,633,3116,189,29,1536
929,28.12.2019,289537,4119,267653,244,11088,73,27,1311,195,516,4078,233,29,1584
930,28.12.2020,228367,4212,201139,159,14089,201,120,2895,448,1487,3511,106,29,1536
931,29.01.2019,401000,8603,344639,353,30729,428,214,7218,944,3269,4299,304,29,1608
932,29.01.2020,389889,7946,334121,235,31157,427,242,6707,967,3439,4406,242,29,1584
933,29.01.2021,321802,5790,271931,291,28977,423,209,6099,736,3135,4039,172,29,1584
934,29.02.2020,312860,5308,286674,351,13586,171,50,1593,247,748,4019,113,29,1584
935,29.03.2019,438702,15142,371168,475,32969,515,297,7972,1178,3347,5267,372,29,1584
936,29.03.2020,84791,2288,76068,45,3395,5,1,260,36,155,2512,26,29,1584
937,29.03.2021,306486,11327,251296,371,27970,494,210,6502,958,3420,3715,223,29,1512
938,29.04.2019,390836,12940,328476,425,31028,542,216,7651,1216,3521,4480,341,29,1536
939,29.04.2020,267573,8912,217814,234,26518,527,161,6421,725,3240,2878,143,29,1584
940,29.04.2021,344232,10922,285898,303,30714,451,219,7280,1000,3437,3801,207,29,1512
941,29.05.2019,422238,15768,356442,559,31869,596,213,7565,1086,3621,4130,389,29,1536
942,29.05.2020,305561,14735,249433,315,27005,464,189,5921,735,2836,3673,255,29,1512
943,29.05.2021,318218,12096,284499,439,14580,190,39,1763,331,800,3247,234,29,1536
944,29.06.2019,338336,13665,300185,650,16198,275,61,1924,434,820,3758,366,29,1560
945,29.06.2020,336382,13647,280083,366,27919,497,174,6345,848,2849,3325,329,28,1512
946,29.06.2021,383197,12254,321084,367,32549,543,269,7377,883,3639,3970,262,28,1536
947,29.07.2019,356044,16250,295669,557,28316,452,187,6654,791,2920,3840,408,28,1560
948,29.07.2020,332730,17506,273895,395,26825,432,187,6112,891,2673,3560,254,28,1512
949,29.07.2021,354492,15546,294804,510,28240,492,156,6340,921,3318,3940,225,28,1536
950,29.08.2019,384310,18209,317949,522,31188,517,223,6847,1074,3133,4050,598,28,1536
951,29.08.2020,300371,6692,273639,423,13898,196,32,1353,219,473,3269,177,28,1512
952,29.08.2021,251685,6846,229768,347,10463,162,16,611,161,165,3043,103,28,1512
953,29.09.2019,263713,9269,239754,298,9846,123,29,725,201,182,3062,224,28,1536
954,29.09.2020,347888,9743,293567,342,29371,502,201,6423,912,3015,3605,207,28,1536
955,29.09.2021,372975,14511,308873,385,32496,511,230,7122,1053,3506,4006,282,28,1512
956,29.10.2019,381608,9965,323582,333,30950,490,227,7196,1029,3528,3901,407,28,1536
957,29.10.2020,346580,10598,291119,343,29799,448,166,6348,849,3137,3582,191,28,1536
958,29.11.2019,438436,8881,377882,338,34029,525,252,7139,997,3217,4724,452,28,1584
959,29.11.2020,168773,3342,155557,93,6662,51,8,416,90,162,2346,46,28,1536
960,29.12.2019,225318,2712,210694,84,7623,36,17,462,102,161,3292,135,28,1584
961,29.12.2020,228581,4509,201098,177,13957,209,111,2895,544,1538,3435,108,28,1536
962,30.01.2019,406900,8364,349796,298,31832,434,264,7101,897,3265,4318,331,28,1608
963,30.01.2020,398345,9448,341034,289,31416,429,230,6734,824,3086,4451,404,28,1584
964,30.01.2021,223785,2890,203501,237,11358,121,17,1305,201,594,3480,81,28,1584
965,30.03.2019,357150,11015,322029,402,14972,185,65,2004,475,907,4778,318,28,1584
966,30.03.2020,212569,5878,171401,196,22907,407,153,5440,612,2510,2912,153,28,1584
967,30.03.2021,313830,12743,256587,335,27919,528,220,6629,1167,3810,3681,211,28,1512
968,30.04.2019,413462,14506,349538,437,30968,497,307,7326,1249,3644,4589,401,28,1536
969,30.04.2020,277845,7278,230009,226,26391,392,180,6401,716,3129,2909,214,28,1584
970,30.04.2021,356573,8337,302134,368,30207,452,192,6883,883,3016,3807,294,28,1512
971,30.05.2019,255835,10342,229639,344,10243,148,43,1068,338,387,3065,218,28,1536
972,30.05.2020,212712,9718,186630,192,10639,149,14,1359,246,656,2980,129,28,1512
973,30.05.2021,238212,10497,215415,165,8340,98,9,621,164,268,2485,150,28,1536
974,30.06.2019,252594,10382,227149,414,10120,152,30,762,252,190,2891,252,28,1560
975,30.06.2020,344104,17814,282653,413,28137,554,204,6815,891,3019,3324,280,28,1512
976,30.06.2021,394277,11888,331471,457,33656,500,244,7351,905,3578,4008,219,28,1536
977,30.07.2019,362600,17849,298081,448,29689,489,230,7225,1084,3183,3857,465,28,1560
978,30.07.2020,342677,17434,283675,446,27184,424,167,6031,780,2652,3478,406,28,1512
979,30.07.2021,368597,11851,312160,584,28791,542,181,6579,817,2905,3980,207,28,1536
980,30.08.2019,404059,19203,336040,606,31750,525,261,7238,1001,2825,4050,560,28,1536
981,30.08.2020,217308,3262,201623,262,8586,107,14,521,62,121,2701,49,28,1512
982,30.08.2021,356948,13918,295837,414,30667,474,225,7007,906,3075,4145,280,28,1512
983,30.09.2019,373981,14099,312371,409,29945,506,257,6742,1194,3334,4767,357,28,1536
984,30.09.2020,346023,14241,288728,396,27979,433,198,6279,920,2993,3538,318,28,1536
985,30.09.2021,387018,16847,320071,468,33055,514,224,7224,1021,3386,3915,293,28,1512
986,30.10.2019,394201,9831,335640,307,31519,493,188,7390,1013,3505,3872,443,28,1536
987,30.10.2020,345102,11831,289032,392,29458,496,180,6319,859,2743,3607,185,28,1536
988,30.11.2019,356863,6761,326479,326,15582,171,62,1752,301,896,4221,312,28,1584
989,30.11.2020,320444,8157,268052,300,29035,507,186,6178,898,3320,3641,170,28,1536
990,30.12.2019,321337,5303,289178,181,16270,187,163,3369,481,1454,4424,327,28,1584
991,30.12.2020,234541,4309,207889,164,13563,208,107,2834,437,1411,3513,106,28,1536
992,31.01.2019,409915,5638,355330,277,31988,402,210,7211,883,3279,4344,353,28,1608
993,31.01.2020,413897,10190,356375,285,31465,351,175,6595,740,2876,4476,369,28,1584
994,31.01.2021,162799,2690,150124,100,6417,54,6,448,61,212,2658,29,28,1536
995,31.03.2019,282897,9114,257919,238,10002,90,47,663,246,226,4130,222,28,1584
996,31.03.2020,216764,7030,173769,241,22910,370,225,5737,663,2790,2892,137,28,1584
997,31.03.2021,321495,13305,263408,325,28290,487,205,6740,1108,3680,3703,244,28,1512
998,31.05.2019,362061,14308,313084,513,20611,407,199,4764,936,2586,4250,403,28,1536
999,31.05.2020,153193,7702,137314,71,5219,33,4,313,92,85,2236,124,28,1512
1000,31.05.2021,356038,15847,292775,362,30451,550,244,7280,1079,3514,3687,249,28,1536
1001,31.07.2019,378535,16652,315941,580,29368,580,197,7105,972,2919,3812,409,28,1560
1002,31.07.2020,355017,16807,296027,557,27519,446,189,6134,758,2488,3646,446,28,1512
1003,31.07.2021,302024,9286,271771,546,14062,229,32,1556,249,572,3592,129,28,1536
1004,31.08.2019,337067,13132,300083,457,15918,219,63,2055,383,729,3530,498,28,1536
1005,31.08.2020,343647,13352,287926,344,27933,420,194,5828,751,2783,3863,253,28,1512
1006,31.08.2021,362118,15231,299009,423,31044,494,206,7063,956,3449,4019,224,28,1512
1007,31.10.2019,404119,12466,343434,297,32202,468,183,7348,824,2623,3797,477,28,1536
1008,31.10.2020,266505,9148,238948,307,12489,158,26,1281,256,645,3069,178,28,1536
1009,31.12.2019,272637,4604,246690,72,12809,111,93,2549,307,779,4349,274,28,1584
1010,31.12.2020,204585,3714,182662,134,10954,171,73,2157,303,869,3445,103,23,1536
